yellow,臺北市,5-Jan
yellow,新北市,5-Jan
yellow,臺中市,5-Jan
orange,臺南市,5-Jan
orange,高雄市,5-Jan
yellow,基隆市,5-Jan
green,新竹市,5-Jan
red,嘉義市,5-Jan
yellow,宜蘭縣,5-Jan
yellow,桃園市,5-Jan
green,新竹縣,5-Jan
yellow,苗栗縣,5-Jan
yellow,彰化縣,5-Jan
yellow,南投縣,5-Jan
orange,雲林縣,5-Jan
yellow,嘉義縣,5-Jan
orange,屏東縣,5-Jan
yellow,臺東縣,5-Jan
yellow,花蓮縣,5-Jan
yellow,澎湖縣,5-Jan
orange,金門縣,5-Jan
orange,連江縣,5-Jan
yellow,臺北市,5-Feb
yellow,新北市,5-Feb
yellow,臺中市,5-Feb
orange,臺南市,5-Feb
orange,高雄市,5-Feb
yellow,基隆市,5-Feb
green,新竹市,5-Feb
red,嘉義市,5-Feb
green,宜蘭縣,5-Feb
green,桃園市,5-Feb
green,新竹縣,5-Feb
green,苗栗縣,5-Feb
green,彰化縣,5-Feb
yellow,南投縣,5-Feb
orange,雲林縣,5-Feb
yellow,嘉義縣,5-Feb
orange,屏東縣,5-Feb
green,臺東縣,5-Feb
yellow,花蓮縣,5-Feb
yellow,澎湖縣,5-Feb
yellow,金門縣,5-Feb
yellow,連江縣,5-Feb
yellow,臺北市,5-Mar
yellow,新北市,5-Mar
orange,臺中市,5-Mar
orange,臺南市,5-Mar
orange,高雄市,5-Mar
yellow,基隆市,5-Mar
yellow,新竹市,5-Mar
red,嘉義市,5-Mar
yellow,宜蘭縣,5-Mar
yellow,桃園市,5-Mar
yellow,新竹縣,5-Mar
yellow,苗栗縣,5-Mar
yellow,彰化縣,5-Mar
orange,南投縣,5-Mar
orange,雲林縣,5-Mar
red,嘉義縣,5-Mar
orange,屏東縣,5-Mar
yellow,臺東縣,5-Mar
yellow,花蓮縣,5-Mar
yellow,澎湖縣,5-Mar
orange,金門縣,5-Mar
orange,連江縣,5-Mar
yellow,臺北市,5-Apr
yellow,新北市,5-Apr
yellow,臺中市,5-Apr
orange,臺南市,5-Apr
orange,高雄市,5-Apr
yellow,基隆市,5-Apr
yellow,新竹市,5-Apr
red,嘉義市,5-Apr
yellow,宜蘭縣,5-Apr
yellow,桃園市,5-Apr
yellow,新竹縣,5-Apr
yellow,苗栗縣,5-Apr
yellow,彰化縣,5-Apr
orange,南投縣,5-Apr
orange,雲林縣,5-Apr
orange,嘉義縣,5-Apr
orange,屏東縣,5-Apr
yellow,臺東縣,5-Apr
yellow,花蓮縣,5-Apr
yellow,澎湖縣,5-Apr
orange,金門縣,5-Apr
orange,連江縣,5-Apr
yellow,臺北市,5-May
yellow,新北市,5-May
yellow,臺中市,5-May
yellow,臺南市,5-May
yellow,高雄市,5-May
yellow,基隆市,5-May
green,新竹市,5-May
yellow,嘉義市,5-May
green,宜蘭縣,5-May
yellow,桃園市,5-May
green,新竹縣,5-May
green,苗栗縣,5-May
yellow,彰化縣,5-May
yellow,南投縣,5-May
yellow,雲林縣,5-May
yellow,嘉義縣,5-May
yellow,屏東縣,5-May
green,臺東縣,5-May
green,花蓮縣,5-May
green,澎湖縣,5-May
yellow,金門縣,5-May
yellow,連江縣,5-May
yellow,臺北市,5-Jun
yellow,新北市,5-Jun
yellow,臺中市,5-Jun
yellow,臺南市,5-Jun
yellow,高雄市,5-Jun
yellow,基隆市,5-Jun
green,新竹市,5-Jun
yellow,嘉義市,5-Jun
green,宜蘭縣,5-Jun
yellow,桃園市,5-Jun
green,新竹縣,5-Jun
green,苗栗縣,5-Jun
yellow,彰化縣,5-Jun
yellow,南投縣,5-Jun
yellow,雲林縣,5-Jun
yellow,嘉義縣,5-Jun
yellow,屏東縣,5-Jun
green,臺東縣,5-Jun
yellow,花蓮縣,5-Jun
green,澎湖縣,5-Jun
yellow,金門縣,5-Jun
green,連江縣,5-Jun
yellow,臺北市,5-Jul
yellow,新北市,5-Jul
orange,臺中市,5-Jul
yellow,臺南市,5-Jul
yellow,高雄市,5-Jul
yellow,基隆市,5-Jul
yellow,新竹市,5-Jul
yellow,嘉義市,5-Jul
yellow,宜蘭縣,5-Jul
yellow,桃園市,5-Jul
yellow,新竹縣,5-Jul
yellow,苗栗縣,5-Jul
yellow,彰化縣,5-Jul
orange,南投縣,5-Jul
yellow,雲林縣,5-Jul
yellow,嘉義縣,5-Jul
yellow,屏東縣,5-Jul
green,臺東縣,5-Jul
yellow,花蓮縣,5-Jul
yellow,澎湖縣,5-Jul
yellow,金門縣,5-Jul
green,連江縣,5-Jul
yellow,臺北市,5-Aug
yellow,新北市,5-Aug
yellow,臺中市,5-Aug
yellow,臺南市,5-Aug
yellow,高雄市,5-Aug
yellow,基隆市,5-Aug
yellow,新竹市,5-Aug
yellow,嘉義市,5-Aug
green,宜蘭縣,5-Aug
yellow,桃園市,5-Aug
yellow,新竹縣,5-Aug
yellow,苗栗縣,5-Aug
yellow,彰化縣,5-Aug
yellow,南投縣,5-Aug
yellow,雲林縣,5-Aug
yellow,嘉義縣,5-Aug
yellow,屏東縣,5-Aug
green,臺東縣,5-Aug
green,花蓮縣,5-Aug
yellow,澎湖縣,5-Aug
yellow,金門縣,5-Aug
yellow,連江縣,5-Aug
yellow,臺北市,5-Sep
yellow,新北市,5-Sep
orange,臺中市,5-Sep
orange,臺南市,5-Sep
orange,高雄市,5-Sep
yellow,基隆市,5-Sep
yellow,新竹市,5-Sep
orange,嘉義市,5-Sep
green,宜蘭縣,5-Sep
yellow,桃園市,5-Sep
yellow,新竹縣,5-Sep
orange,苗栗縣,5-Sep
orange,彰化縣,5-Sep
orange,南投縣,5-Sep
orange,雲林縣,5-Sep
orange,嘉義縣,5-Sep
orange,屏東縣,5-Sep
green,臺東縣,5-Sep
yellow,花蓮縣,5-Sep
yellow,澎湖縣,5-Sep
orange,金門縣,5-Sep
yellow,連江縣,5-Sep
yellow,臺北市,5-Oct
yellow,新北市,5-Oct
yellow,臺中市,5-Oct
orange,臺南市,5-Oct
orange,高雄市,5-Oct
yellow,基隆市,5-Oct
yellow,新竹市,5-Oct
orange,嘉義市,5-Oct
yellow,宜蘭縣,5-Oct
yellow,桃園市,5-Oct
yellow,新竹縣,5-Oct
yellow,苗栗縣,5-Oct
yellow,彰化縣,5-Oct
orange,南投縣,5-Oct
orange,雲林縣,5-Oct
orange,嘉義縣,5-Oct
orange,屏東縣,5-Oct
green,臺東縣,5-Oct
green,花蓮縣,5-Oct
yellow,澎湖縣,5-Oct
orange,金門縣,5-Oct
yellow,連江縣,5-Oct
yellow,臺北市,5-Nov
orange,新北市,5-Nov
orange,臺中市,5-Nov
red,臺南市,5-Nov
red,高雄市,5-Nov
yellow,基隆市,5-Nov
orange,新竹市,5-Nov
red,嘉義市,5-Nov
yellow,宜蘭縣,5-Nov
orange,桃園市,5-Nov
orange,新竹縣,5-Nov
orange,苗栗縣,5-Nov
orange,彰化縣,5-Nov
orange,南投縣,5-Nov
orange,雲林縣,5-Nov
orange,嘉義縣,5-Nov
orange,屏東縣,5-Nov
green,臺東縣,5-Nov
yellow,花蓮縣,5-Nov
yellow,澎湖縣,5-Nov
red,金門縣,5-Nov
orange,連江縣,5-Nov
yellow,臺北市,5-Dec
yellow,新北市,5-Dec
orange,臺中市,5-Dec
orange,臺南市,5-Dec
red,高雄市,5-Dec
yellow,基隆市,5-Dec
orange,新竹市,5-Dec
red,嘉義市,5-Dec
yellow,宜蘭縣,5-Dec
yellow,桃園市,5-Dec
yellow,新竹縣,5-Dec
yellow,苗栗縣,5-Dec
orange,彰化縣,5-Dec
orange,南投縣,5-Dec
orange,雲林縣,5-Dec
orange,嘉義縣,5-Dec
orange,屏東縣,5-Dec
yellow,臺東縣,5-Dec
yellow,花蓮縣,5-Dec
yellow,澎湖縣,5-Dec
orange,金門縣,5-Dec
orange,連江縣,5-Dec
yellow,臺北市,6-Jan
yellow,新北市,6-Jan
orange,臺中市,6-Jan
orange,臺南市,6-Jan
red,高雄市,6-Jan
yellow,基隆市,6-Jan
orange,新竹市,6-Jan
orange,嘉義市,6-Jan
yellow,宜蘭縣,6-Jan
yellow,桃園市,6-Jan
yellow,新竹縣,6-Jan
orange,苗栗縣,6-Jan
orange,彰化縣,6-Jan
orange,南投縣,6-Jan
orange,雲林縣,6-Jan
orange,嘉義縣,6-Jan
orange,屏東縣,6-Jan
green,臺東縣,6-Jan
yellow,花蓮縣,6-Jan
yellow,澎湖縣,6-Jan
orange,金門縣,6-Jan
orange,連江縣,6-Jan
yellow,臺北市,6-Feb
yellow,新北市,6-Feb
orange,臺中市,6-Feb
orange,臺南市,6-Feb
red,高雄市,6-Feb
yellow,基隆市,6-Feb
yellow,新竹市,6-Feb
orange,嘉義市,6-Feb
yellow,宜蘭縣,6-Feb
yellow,桃園市,6-Feb
yellow,新竹縣,6-Feb
yellow,苗栗縣,6-Feb
orange,彰化縣,6-Feb
orange,南投縣,6-Feb
orange,雲林縣,6-Feb
orange,嘉義縣,6-Feb
orange,屏東縣,6-Feb
green,臺東縣,6-Feb
yellow,花蓮縣,6-Feb
yellow,澎湖縣,6-Feb
orange,金門縣,6-Feb
yellow,連江縣,6-Feb
yellow,臺北市,6-Mar
orange,新北市,6-Mar
orange,臺中市,6-Mar
orange,臺南市,6-Mar
red,高雄市,6-Mar
yellow,基隆市,6-Mar
orange,新竹市,6-Mar
red,嘉義市,6-Mar
yellow,宜蘭縣,6-Mar
orange,桃園市,6-Mar
orange,新竹縣,6-Mar
orange,苗栗縣,6-Mar
orange,彰化縣,6-Mar
orange,南投縣,6-Mar
orange,雲林縣,6-Mar
orange,嘉義縣,6-Mar
orange,屏東縣,6-Mar
yellow,臺東縣,6-Mar
yellow,花蓮縣,6-Mar
yellow,澎湖縣,6-Mar
red,金門縣,6-Mar
orange,連江縣,6-Mar
yellow,臺北市,6-Apr
yellow,新北市,6-Apr
yellow,臺中市,6-Apr
orange,臺南市,6-Apr
orange,高雄市,6-Apr
yellow,基隆市,6-Apr
orange,新竹市,6-Apr
orange,嘉義市,6-Apr
yellow,宜蘭縣,6-Apr
yellow,桃園市,6-Apr
yellow,新竹縣,6-Apr
yellow,苗栗縣,6-Apr
orange,彰化縣,6-Apr
orange,南投縣,6-Apr
orange,雲林縣,6-Apr
orange,嘉義縣,6-Apr
yellow,屏東縣,6-Apr
green,臺東縣,6-Apr
yellow,花蓮縣,6-Apr
yellow,澎湖縣,6-Apr
red,金門縣,6-Apr
orange,連江縣,6-Apr
yellow,臺北市,6-May
yellow,新北市,6-May
yellow,臺中市,6-May
yellow,臺南市,6-May
yellow,高雄市,6-May
green,基隆市,6-May
yellow,新竹市,6-May
yellow,嘉義市,6-May
yellow,宜蘭縣,6-May
yellow,桃園市,6-May
yellow,新竹縣,6-May
yellow,苗栗縣,6-May
yellow,彰化縣,6-May
yellow,南投縣,6-May
yellow,雲林縣,6-May
yellow,嘉義縣,6-May
yellow,屏東縣,6-May
green,臺東縣,6-May
yellow,花蓮縣,6-May
yellow,澎湖縣,6-May
orange,金門縣,6-May
yellow,連江縣,6-May
yellow,臺北市,6-Jun
yellow,新北市,6-Jun
yellow,臺中市,6-Jun
yellow,臺南市,6-Jun
yellow,高雄市,6-Jun
green,基隆市,6-Jun
yellow,新竹市,6-Jun
yellow,嘉義市,6-Jun
yellow,宜蘭縣,6-Jun
yellow,桃園市,6-Jun
yellow,新竹縣,6-Jun
green,苗栗縣,6-Jun
yellow,彰化縣,6-Jun
green,南投縣,6-Jun
green,雲林縣,6-Jun
yellow,嘉義縣,6-Jun
green,屏東縣,6-Jun
green,臺東縣,6-Jun
yellow,花蓮縣,6-Jun
green,澎湖縣,6-Jun
yellow,金門縣,6-Jun
yellow,連江縣,6-Jun
yellow,臺北市,6-Jul
yellow,新北市,6-Jul
yellow,臺中市,6-Jul
yellow,臺南市,6-Jul
yellow,高雄市,6-Jul
yellow,基隆市,6-Jul
yellow,新竹市,6-Jul
green,嘉義市,6-Jul
green,宜蘭縣,6-Jul
yellow,桃園市,6-Jul
green,新竹縣,6-Jul
green,苗栗縣,6-Jul
yellow,彰化縣,6-Jul
yellow,南投縣,6-Jul
yellow,雲林縣,6-Jul
yellow,嘉義縣,6-Jul
yellow,屏東縣,6-Jul
green,臺東縣,6-Jul
green,花蓮縣,6-Jul
green,澎湖縣,6-Jul
yellow,金門縣,6-Jul
green,連江縣,6-Jul
yellow,臺北市,6-Aug
yellow,新北市,6-Aug
yellow,臺中市,6-Aug
yellow,臺南市,6-Aug
yellow,高雄市,6-Aug
yellow,基隆市,6-Aug
yellow,新竹市,6-Aug
yellow,嘉義市,6-Aug
yellow,宜蘭縣,6-Aug
yellow,桃園市,6-Aug
yellow,新竹縣,6-Aug
yellow,苗栗縣,6-Aug
yellow,彰化縣,6-Aug
yellow,南投縣,6-Aug
yellow,雲林縣,6-Aug
yellow,嘉義縣,6-Aug
yellow,屏東縣,6-Aug
green,臺東縣,6-Aug
yellow,花蓮縣,6-Aug
yellow,澎湖縣,6-Aug
yellow,金門縣,6-Aug
yellow,連江縣,6-Aug
yellow,臺北市,6-Sep
yellow,新北市,6-Sep
yellow,臺中市,6-Sep
yellow,臺南市,6-Sep
orange,高雄市,6-Sep
yellow,基隆市,6-Sep
yellow,新竹市,6-Sep
orange,嘉義市,6-Sep
yellow,宜蘭縣,6-Sep
yellow,桃園市,6-Sep
yellow,新竹縣,6-Sep
yellow,苗栗縣,6-Sep
yellow,彰化縣,6-Sep
yellow,南投縣,6-Sep
yellow,雲林縣,6-Sep
yellow,嘉義縣,6-Sep
yellow,屏東縣,6-Sep
green,臺東縣,6-Sep
yellow,花蓮縣,6-Sep
yellow,澎湖縣,6-Sep
orange,金門縣,6-Sep
yellow,連江縣,6-Sep
yellow,臺北市,6-Oct
yellow,新北市,6-Oct
orange,臺中市,6-Oct
orange,臺南市,6-Oct
orange,高雄市,6-Oct
green,基隆市,6-Oct
yellow,新竹市,6-Oct
red,嘉義市,6-Oct
yellow,宜蘭縣,6-Oct
yellow,桃園市,6-Oct
yellow,新竹縣,6-Oct
orange,苗栗縣,6-Oct
orange,彰化縣,6-Oct
red,南投縣,6-Oct
orange,雲林縣,6-Oct
red,嘉義縣,6-Oct
orange,屏東縣,6-Oct
yellow,臺東縣,6-Oct
yellow,花蓮縣,6-Oct
yellow,澎湖縣,6-Oct
orange,金門縣,6-Oct
orange,連江縣,6-Oct
yellow,臺北市,6-Nov
yellow,新北市,6-Nov
orange,臺中市,6-Nov
orange,臺南市,6-Nov
orange,高雄市,6-Nov
yellow,基隆市,6-Nov
orange,新竹市,6-Nov
orange,嘉義市,6-Nov
yellow,宜蘭縣,6-Nov
yellow,桃園市,6-Nov
yellow,新竹縣,6-Nov
yellow,苗栗縣,6-Nov
orange,彰化縣,6-Nov
orange,南投縣,6-Nov
orange,雲林縣,6-Nov
orange,嘉義縣,6-Nov
orange,屏東縣,6-Nov
yellow,臺東縣,6-Nov
yellow,花蓮縣,6-Nov
yellow,澎湖縣,6-Nov
red,金門縣,6-Nov
orange,連江縣,6-Nov
yellow,臺北市,6-Dec
yellow,新北市,6-Dec
yellow,臺中市,6-Dec
orange,臺南市,6-Dec
red,高雄市,6-Dec
yellow,基隆市,6-Dec
yellow,新竹市,6-Dec
red,嘉義市,6-Dec
yellow,宜蘭縣,6-Dec
yellow,桃園市,6-Dec
yellow,新竹縣,6-Dec
yellow,苗栗縣,6-Dec
orange,彰化縣,6-Dec
orange,南投縣,6-Dec
yellow,雲林縣,6-Dec
yellow,嘉義縣,6-Dec
orange,屏東縣,6-Dec
green,臺東縣,6-Dec
yellow,花蓮縣,6-Dec
yellow,澎湖縣,6-Dec
orange,金門縣,6-Dec
orange,連江縣,6-Dec
yellow,臺北市,7-Jan
yellow,新北市,7-Jan
orange,臺中市,7-Jan
orange,臺南市,7-Jan
red,高雄市,7-Jan
yellow,基隆市,7-Jan
orange,新竹市,7-Jan
red,嘉義市,7-Jan
yellow,宜蘭縣,7-Jan
yellow,桃園市,7-Jan
yellow,新竹縣,7-Jan
yellow,苗栗縣,7-Jan
orange,彰化縣,7-Jan
orange,南投縣,7-Jan
orange,雲林縣,7-Jan
orange,嘉義縣,7-Jan
orange,屏東縣,7-Jan
yellow,臺東縣,7-Jan
yellow,花蓮縣,7-Jan
orange,澎湖縣,7-Jan
orange,金門縣,7-Jan
orange,連江縣,7-Jan
yellow,臺北市,7-Feb
orange,新北市,7-Feb
orange,臺中市,7-Feb
orange,臺南市,7-Feb
orange,高雄市,7-Feb
yellow,基隆市,7-Feb
yellow,新竹市,7-Feb
yellow,嘉義市,7-Feb
yellow,宜蘭縣,7-Feb
orange,桃園市,7-Feb
orange,新竹縣,7-Feb
orange,苗栗縣,7-Feb
orange,彰化縣,7-Feb
orange,南投縣,7-Feb
orange,雲林縣,7-Feb
red,嘉義縣,7-Feb
orange,屏東縣,7-Feb
yellow,臺東縣,7-Feb
yellow,花蓮縣,7-Feb
yellow,澎湖縣,7-Feb
red,金門縣,7-Feb
orange,連江縣,7-Feb
yellow,臺北市,7-Mar
yellow,新北市,7-Mar
orange,臺中市,7-Mar
yellow,臺南市,7-Mar
orange,高雄市,7-Mar
yellow,基隆市,7-Mar
orange,新竹市,7-Mar
orange,嘉義市,7-Mar
yellow,宜蘭縣,7-Mar
yellow,桃園市,7-Mar
yellow,新竹縣,7-Mar
yellow,苗栗縣,7-Mar
yellow,彰化縣,7-Mar
orange,南投縣,7-Mar
yellow,雲林縣,7-Mar
orange,嘉義縣,7-Mar
yellow,屏東縣,7-Mar
green,臺東縣,7-Mar
yellow,花蓮縣,7-Mar
green,澎湖縣,7-Mar
yellow,金門縣,7-Mar
yellow,連江縣,7-Mar
orange,臺北市,7-Apr
yellow,新北市,7-Apr
orange,臺中市,7-Apr
yellow,臺南市,7-Apr
orange,高雄市,7-Apr
yellow,基隆市,7-Apr
orange,新竹市,7-Apr
orange,嘉義市,7-Apr
yellow,宜蘭縣,7-Apr
yellow,桃園市,7-Apr
yellow,新竹縣,7-Apr
yellow,苗栗縣,7-Apr
orange,彰化縣,7-Apr
yellow,南投縣,7-Apr
yellow,雲林縣,7-Apr
orange,嘉義縣,7-Apr
yellow,屏東縣,7-Apr
yellow,臺東縣,7-Apr
green,花蓮縣,7-Apr
yellow,澎湖縣,7-Apr
red,金門縣,7-Apr
orange,連江縣,7-Apr
orange,臺北市,7-May
orange,新北市,7-May
yellow,臺中市,7-May
orange,臺南市,7-May
yellow,高雄市,7-May
yellow,基隆市,7-May
orange,新竹市,7-May
orange,嘉義市,7-May
yellow,宜蘭縣,7-May
orange,桃園市,7-May
yellow,新竹縣,7-May
yellow,苗栗縣,7-May
orange,彰化縣,7-May
orange,南投縣,7-May
orange,雲林縣,7-May
yellow,嘉義縣,7-May
yellow,屏東縣,7-May
yellow,臺東縣,7-May
yellow,花蓮縣,7-May
yellow,澎湖縣,7-May
orange,金門縣,7-May
yellow,連江縣,7-May
yellow,臺北市,7-Jun
yellow,新北市,7-Jun
yellow,臺中市,7-Jun
yellow,臺南市,7-Jun
yellow,高雄市,7-Jun
yellow,基隆市,7-Jun
yellow,新竹市,7-Jun
yellow,嘉義市,7-Jun
green,宜蘭縣,7-Jun
yellow,桃園市,7-Jun
yellow,新竹縣,7-Jun
green,苗栗縣,7-Jun
yellow,彰化縣,7-Jun
green,南投縣,7-Jun
yellow,雲林縣,7-Jun
yellow,嘉義縣,7-Jun
green,屏東縣,7-Jun
green,臺東縣,7-Jun
green,花蓮縣,7-Jun
green,澎湖縣,7-Jun
yellow,金門縣,7-Jun
green,連江縣,7-Jun
yellow,臺北市,7-Jul
yellow,新北市,7-Jul
yellow,臺中市,7-Jul
yellow,臺南市,7-Jul
yellow,高雄市,7-Jul
yellow,基隆市,7-Jul
yellow,新竹市,7-Jul
yellow,嘉義市,7-Jul
yellow,宜蘭縣,7-Jul
yellow,桃園市,7-Jul
yellow,新竹縣,7-Jul
yellow,苗栗縣,7-Jul
yellow,彰化縣,7-Jul
yellow,南投縣,7-Jul
yellow,雲林縣,7-Jul
yellow,嘉義縣,7-Jul
green,屏東縣,7-Jul
green,臺東縣,7-Jul
yellow,花蓮縣,7-Jul
green,澎湖縣,7-Jul
yellow,金門縣,7-Jul
green,連江縣,7-Jul
yellow,臺北市,7-Aug
yellow,新北市,7-Aug
yellow,臺中市,7-Aug
yellow,臺南市,7-Aug
yellow,高雄市,7-Aug
green,基隆市,7-Aug
yellow,新竹市,7-Aug
yellow,嘉義市,7-Aug
green,宜蘭縣,7-Aug
yellow,桃園市,7-Aug
yellow,新竹縣,7-Aug
green,苗栗縣,7-Aug
yellow,彰化縣,7-Aug
yellow,南投縣,7-Aug
yellow,雲林縣,7-Aug
yellow,嘉義縣,7-Aug
yellow,屏東縣,7-Aug
green,臺東縣,7-Aug
yellow,花蓮縣,7-Aug
green,澎湖縣,7-Aug
yellow,金門縣,7-Aug
green,連江縣,7-Aug
yellow,臺北市,7-Sep
yellow,新北市,7-Sep
orange,臺中市,7-Sep
orange,臺南市,7-Sep
orange,高雄市,7-Sep
yellow,基隆市,7-Sep
yellow,新竹市,7-Sep
orange,嘉義市,7-Sep
yellow,宜蘭縣,7-Sep
yellow,桃園市,7-Sep
yellow,新竹縣,7-Sep
yellow,苗栗縣,7-Sep
orange,彰化縣,7-Sep
yellow,南投縣,7-Sep
orange,雲林縣,7-Sep
orange,嘉義縣,7-Sep
yellow,屏東縣,7-Sep
green,臺東縣,7-Sep
yellow,花蓮縣,7-Sep
yellow,澎湖縣,7-Sep
orange,金門縣,7-Sep
yellow,連江縣,7-Sep
yellow,臺北市,7-Oct
yellow,新北市,7-Oct
yellow,臺中市,7-Oct
orange,臺南市,7-Oct
red,高雄市,7-Oct
yellow,基隆市,7-Oct
yellow,新竹市,7-Oct
orange,嘉義市,7-Oct
yellow,宜蘭縣,7-Oct
yellow,桃園市,7-Oct
yellow,新竹縣,7-Oct
yellow,苗栗縣,7-Oct
orange,彰化縣,7-Oct
orange,南投縣,7-Oct
orange,雲林縣,7-Oct
orange,嘉義縣,7-Oct
orange,屏東縣,7-Oct
green,臺東縣,7-Oct
yellow,花蓮縣,7-Oct
yellow,澎湖縣,7-Oct
orange,金門縣,7-Oct
yellow,連江縣,7-Oct
yellow,臺北市,7-Nov
yellow,新北市,7-Nov
yellow,臺中市,7-Nov
orange,臺南市,7-Nov
red,高雄市,7-Nov
yellow,基隆市,7-Nov
yellow,新竹市,7-Nov
orange,嘉義市,7-Nov
yellow,宜蘭縣,7-Nov
yellow,桃園市,7-Nov
yellow,新竹縣,7-Nov
yellow,苗栗縣,7-Nov
orange,彰化縣,7-Nov
orange,南投縣,7-Nov
orange,雲林縣,7-Nov
orange,嘉義縣,7-Nov
orange,屏東縣,7-Nov
green,臺東縣,7-Nov
green,花蓮縣,7-Nov
yellow,澎湖縣,7-Nov
orange,金門縣,7-Nov
orange,連江縣,7-Nov
yellow,臺北市,7-Dec
yellow,新北市,7-Dec
orange,臺中市,7-Dec
red,臺南市,7-Dec
red,高雄市,7-Dec
yellow,基隆市,7-Dec
orange,新竹市,7-Dec
red,嘉義市,7-Dec
yellow,宜蘭縣,7-Dec
orange,桃園市,7-Dec
orange,新竹縣,7-Dec
orange,苗栗縣,7-Dec
orange,彰化縣,7-Dec
red,南投縣,7-Dec
orange,雲林縣,7-Dec
orange,嘉義縣,7-Dec
orange,屏東縣,7-Dec
yellow,臺東縣,7-Dec
yellow,花蓮縣,7-Dec
orange,澎湖縣,7-Dec
red,金門縣,7-Dec
orange,連江縣,7-Dec
yellow,臺北市,8-Jan
yellow,新北市,8-Jan
orange,臺中市,8-Jan
orange,臺南市,8-Jan
red,高雄市,8-Jan
yellow,基隆市,8-Jan
orange,新竹市,8-Jan
red,嘉義市,8-Jan
yellow,宜蘭縣,8-Jan
yellow,桃園市,8-Jan
yellow,新竹縣,8-Jan
yellow,苗栗縣,8-Jan
orange,彰化縣,8-Jan
orange,南投縣,8-Jan
orange,雲林縣,8-Jan
orange,嘉義縣,8-Jan
orange,屏東縣,8-Jan
green,臺東縣,8-Jan
yellow,花蓮縣,8-Jan
yellow,澎湖縣,8-Jan
red,金門縣,8-Jan
orange,連江縣,8-Jan
yellow,臺北市,8-Feb
yellow,新北市,8-Feb
orange,臺中市,8-Feb
orange,臺南市,8-Feb
red,高雄市,8-Feb
yellow,基隆市,8-Feb
orange,新竹市,8-Feb
red,嘉義市,8-Feb
yellow,宜蘭縣,8-Feb
yellow,桃園市,8-Feb
yellow,新竹縣,8-Feb
yellow,苗栗縣,8-Feb
orange,彰化縣,8-Feb
orange,南投縣,8-Feb
orange,雲林縣,8-Feb
orange,嘉義縣,8-Feb
orange,屏東縣,8-Feb
green,臺東縣,8-Feb
yellow,花蓮縣,8-Feb
orange,澎湖縣,8-Feb
red,金門縣,8-Feb
orange,連江縣,8-Feb
orange,臺北市,8-Mar
orange,新北市,8-Mar
orange,臺中市,8-Mar
red,臺南市,8-Mar
red,高雄市,8-Mar
yellow,基隆市,8-Mar
orange,新竹市,8-Mar
red,嘉義市,8-Mar
yellow,宜蘭縣,8-Mar
orange,桃園市,8-Mar
orange,新竹縣,8-Mar
orange,苗栗縣,8-Mar
red,彰化縣,8-Mar
red,南投縣,8-Mar
orange,雲林縣,8-Mar
red,嘉義縣,8-Mar
orange,屏東縣,8-Mar
yellow,臺東縣,8-Mar
yellow,花蓮縣,8-Mar
orange,澎湖縣,8-Mar
red,金門縣,8-Mar
orange,連江縣,8-Mar
yellow,臺北市,8-Apr
yellow,新北市,8-Apr
orange,臺中市,8-Apr
orange,臺南市,8-Apr
orange,高雄市,8-Apr
yellow,基隆市,8-Apr
orange,新竹市,8-Apr
orange,嘉義市,8-Apr
yellow,宜蘭縣,8-Apr
orange,桃園市,8-Apr
yellow,新竹縣,8-Apr
orange,苗栗縣,8-Apr
orange,彰化縣,8-Apr
orange,南投縣,8-Apr
orange,雲林縣,8-Apr
orange,嘉義縣,8-Apr
yellow,屏東縣,8-Apr
green,臺東縣,8-Apr
yellow,花蓮縣,8-Apr
yellow,澎湖縣,8-Apr
red,金門縣,8-Apr
orange,連江縣,8-Apr
yellow,臺北市,8-May
yellow,新北市,8-May
yellow,臺中市,8-May
yellow,臺南市,8-May
orange,高雄市,8-May
yellow,基隆市,8-May
yellow,新竹市,8-May
orange,嘉義市,8-May
yellow,宜蘭縣,8-May
yellow,桃園市,8-May
yellow,新竹縣,8-May
yellow,苗栗縣,8-May
yellow,彰化縣,8-May
yellow,南投縣,8-May
yellow,雲林縣,8-May
yellow,嘉義縣,8-May
yellow,屏東縣,8-May
yellow,臺東縣,8-May
yellow,花蓮縣,8-May
yellow,澎湖縣,8-May
orange,金門縣,8-May
yellow,連江縣,8-May
yellow,臺北市,8-Jun
yellow,新北市,8-Jun
yellow,臺中市,8-Jun
yellow,臺南市,8-Jun
yellow,高雄市,8-Jun
yellow,基隆市,8-Jun
yellow,新竹市,8-Jun
yellow,嘉義市,8-Jun
green,宜蘭縣,8-Jun
yellow,桃園市,8-Jun
yellow,新竹縣,8-Jun
yellow,苗栗縣,8-Jun
yellow,彰化縣,8-Jun
yellow,南投縣,8-Jun
yellow,雲林縣,8-Jun
yellow,嘉義縣,8-Jun
green,屏東縣,8-Jun
green,臺東縣,8-Jun
yellow,花蓮縣,8-Jun
green,澎湖縣,8-Jun
yellow,金門縣,8-Jun
green,連江縣,8-Jun
yellow,臺北市,8-Jul
yellow,新北市,8-Jul
yellow,臺中市,8-Jul
yellow,臺南市,8-Jul
yellow,高雄市,8-Jul
yellow,基隆市,8-Jul
yellow,新竹市,8-Jul
yellow,嘉義市,8-Jul
green,宜蘭縣,8-Jul
yellow,桃園市,8-Jul
yellow,新竹縣,8-Jul
green,苗栗縣,8-Jul
yellow,彰化縣,8-Jul
yellow,南投縣,8-Jul
yellow,雲林縣,8-Jul
yellow,嘉義縣,8-Jul
yellow,屏東縣,8-Jul
green,臺東縣,8-Jul
green,花蓮縣,8-Jul
green,澎湖縣,8-Jul
yellow,金門縣,8-Jul
yellow,連江縣,8-Jul
yellow,臺北市,8-Aug
yellow,新北市,8-Aug
yellow,臺中市,8-Aug
yellow,臺南市,8-Aug
yellow,高雄市,8-Aug
yellow,基隆市,8-Aug
yellow,新竹市,8-Aug
yellow,嘉義市,8-Aug
yellow,宜蘭縣,8-Aug
yellow,桃園市,8-Aug
yellow,新竹縣,8-Aug
yellow,苗栗縣,8-Aug
yellow,彰化縣,8-Aug
yellow,南投縣,8-Aug
yellow,雲林縣,8-Aug
yellow,嘉義縣,8-Aug
yellow,屏東縣,8-Aug
green,臺東縣,8-Aug
yellow,花蓮縣,8-Aug
yellow,澎湖縣,8-Aug
yellow,金門縣,8-Aug
yellow,連江縣,8-Aug
yellow,臺北市,8-Sep
yellow,新北市,8-Sep
orange,臺中市,8-Sep
orange,臺南市,8-Sep
orange,高雄市,8-Sep
yellow,基隆市,8-Sep
yellow,新竹市,8-Sep
orange,嘉義市,8-Sep
yellow,宜蘭縣,8-Sep
yellow,桃園市,8-Sep
yellow,新竹縣,8-Sep
yellow,苗栗縣,8-Sep
yellow,彰化縣,8-Sep
yellow,南投縣,8-Sep
yellow,雲林縣,8-Sep
orange,嘉義縣,8-Sep
yellow,屏東縣,8-Sep
yellow,臺東縣,8-Sep
yellow,花蓮縣,8-Sep
yellow,澎湖縣,8-Sep
orange,金門縣,8-Sep
yellow,連江縣,8-Sep
yellow,臺北市,8-Oct
yellow,新北市,8-Oct
orange,臺中市,8-Oct
orange,臺南市,8-Oct
orange,高雄市,8-Oct
yellow,基隆市,8-Oct
yellow,新竹市,8-Oct
orange,嘉義市,8-Oct
yellow,宜蘭縣,8-Oct
yellow,桃園市,8-Oct
yellow,新竹縣,8-Oct
yellow,苗栗縣,8-Oct
orange,彰化縣,8-Oct
orange,南投縣,8-Oct
orange,雲林縣,8-Oct
orange,嘉義縣,8-Oct
orange,屏東縣,8-Oct
green,臺東縣,8-Oct
yellow,花蓮縣,8-Oct
yellow,澎湖縣,8-Oct
orange,金門縣,8-Oct
yellow,連江縣,8-Oct
yellow,臺北市,8-Nov
yellow,新北市,8-Nov
yellow,臺中市,8-Nov
orange,臺南市,8-Nov
red,高雄市,8-Nov
yellow,基隆市,8-Nov
yellow,新竹市,8-Nov
orange,嘉義市,8-Nov
yellow,宜蘭縣,8-Nov
yellow,桃園市,8-Nov
yellow,新竹縣,8-Nov
yellow,苗栗縣,8-Nov
yellow,彰化縣,8-Nov
orange,南投縣,8-Nov
orange,雲林縣,8-Nov
orange,嘉義縣,8-Nov
orange,屏東縣,8-Nov
yellow,臺東縣,8-Nov
yellow,花蓮縣,8-Nov
yellow,澎湖縣,8-Nov
orange,金門縣,8-Nov
orange,連江縣,8-Nov
yellow,臺北市,8-Dec
yellow,新北市,8-Dec
orange,臺中市,8-Dec
orange,臺南市,8-Dec
orange,高雄市,8-Dec
yellow,基隆市,8-Dec
orange,新竹市,8-Dec
orange,嘉義市,8-Dec
yellow,宜蘭縣,8-Dec
yellow,桃園市,8-Dec
yellow,新竹縣,8-Dec
yellow,苗栗縣,8-Dec
orange,彰化縣,8-Dec
orange,南投縣,8-Dec
orange,雲林縣,8-Dec
orange,嘉義縣,8-Dec
orange,屏東縣,8-Dec
yellow,臺東縣,8-Dec
yellow,花蓮縣,8-Dec
yellow,澎湖縣,8-Dec
red,金門縣,8-Dec
orange,連江縣,8-Dec
yellow,臺北市,9-Jan
yellow,新北市,9-Jan
orange,臺中市,9-Jan
orange,臺南市,9-Jan
red,高雄市,9-Jan
yellow,基隆市,9-Jan
yellow,新竹市,9-Jan
orange,嘉義市,9-Jan
yellow,宜蘭縣,9-Jan
yellow,桃園市,9-Jan
yellow,新竹縣,9-Jan
yellow,苗栗縣,9-Jan
orange,彰化縣,9-Jan
orange,南投縣,9-Jan
orange,雲林縣,9-Jan
orange,嘉義縣,9-Jan
orange,屏東縣,9-Jan
yellow,臺東縣,9-Jan
yellow,花蓮縣,9-Jan
yellow,澎湖縣,9-Jan
red,金門縣,9-Jan
yellow,連江縣,9-Jan
yellow,臺北市,9-Feb
yellow,新北市,9-Feb
orange,臺中市,9-Feb
orange,臺南市,9-Feb
orange,高雄市,9-Feb
yellow,基隆市,9-Feb
orange,新竹市,9-Feb
red,嘉義市,9-Feb
yellow,宜蘭縣,9-Feb
yellow,桃園市,9-Feb
yellow,新竹縣,9-Feb
orange,苗栗縣,9-Feb
orange,彰化縣,9-Feb
orange,南投縣,9-Feb
orange,雲林縣,9-Feb
orange,嘉義縣,9-Feb
orange,屏東縣,9-Feb
green,臺東縣,9-Feb
yellow,花蓮縣,9-Feb
yellow,澎湖縣,9-Feb
red,金門縣,9-Feb
orange,連江縣,9-Feb
yellow,臺北市,9-Mar
yellow,新北市,9-Mar
orange,臺中市,9-Mar
orange,臺南市,9-Mar
orange,高雄市,9-Mar
yellow,基隆市,9-Mar
yellow,新竹市,9-Mar
orange,嘉義市,9-Mar
yellow,宜蘭縣,9-Mar
yellow,桃園市,9-Mar
yellow,新竹縣,9-Mar
yellow,苗栗縣,9-Mar
orange,彰化縣,9-Mar
orange,南投縣,9-Mar
orange,雲林縣,9-Mar
orange,嘉義縣,9-Mar
orange,屏東縣,9-Mar
green,臺東縣,9-Mar
yellow,花蓮縣,9-Mar
yellow,澎湖縣,9-Mar
orange,金門縣,9-Mar
yellow,連江縣,9-Mar
yellow,臺北市,9-Apr
yellow,新北市,9-Apr
orange,臺中市,9-Apr
orange,臺南市,9-Apr
orange,高雄市,9-Apr
yellow,基隆市,9-Apr
orange,新竹市,9-Apr
orange,嘉義市,9-Apr
yellow,宜蘭縣,9-Apr
yellow,桃園市,9-Apr
yellow,新竹縣,9-Apr
yellow,苗栗縣,9-Apr
orange,彰化縣,9-Apr
orange,南投縣,9-Apr
orange,雲林縣,9-Apr
orange,嘉義縣,9-Apr
orange,屏東縣,9-Apr
yellow,臺東縣,9-Apr
yellow,花蓮縣,9-Apr
yellow,澎湖縣,9-Apr
orange,金門縣,9-Apr
orange,連江縣,9-Apr
yellow,臺北市,9-May
yellow,新北市,9-May
orange,臺中市,9-May
orange,臺南市,9-May
orange,高雄市,9-May
yellow,基隆市,9-May
orange,新竹市,9-May
orange,嘉義市,9-May
yellow,宜蘭縣,9-May
yellow,桃園市,9-May
yellow,新竹縣,9-May
orange,苗栗縣,9-May
orange,彰化縣,9-May
orange,南投縣,9-May
orange,雲林縣,9-May
orange,嘉義縣,9-May
yellow,屏東縣,9-May
green,臺東縣,9-May
yellow,花蓮縣,9-May
yellow,澎湖縣,9-May
orange,金門縣,9-May
orange,連江縣,9-May
yellow,臺北市,9-Jun
yellow,新北市,9-Jun
yellow,臺中市,9-Jun
yellow,臺南市,9-Jun
yellow,高雄市,9-Jun
yellow,基隆市,9-Jun
yellow,新竹市,9-Jun
yellow,嘉義市,9-Jun
yellow,宜蘭縣,9-Jun
yellow,桃園市,9-Jun
yellow,新竹縣,9-Jun
yellow,苗栗縣,9-Jun
yellow,彰化縣,9-Jun
yellow,南投縣,9-Jun
yellow,雲林縣,9-Jun
yellow,嘉義縣,9-Jun
yellow,屏東縣,9-Jun
green,臺東縣,9-Jun
yellow,花蓮縣,9-Jun
yellow,澎湖縣,9-Jun
yellow,金門縣,9-Jun
yellow,連江縣,9-Jun
yellow,臺北市,9-Jul
yellow,新北市,9-Jul
yellow,臺中市,9-Jul
yellow,臺南市,9-Jul
yellow,高雄市,9-Jul
green,基隆市,9-Jul
yellow,新竹市,9-Jul
yellow,嘉義市,9-Jul
green,宜蘭縣,9-Jul
yellow,桃園市,9-Jul
yellow,新竹縣,9-Jul
yellow,苗栗縣,9-Jul
yellow,彰化縣,9-Jul
yellow,南投縣,9-Jul
yellow,雲林縣,9-Jul
yellow,嘉義縣,9-Jul
green,屏東縣,9-Jul
green,臺東縣,9-Jul
yellow,花蓮縣,9-Jul
green,澎湖縣,9-Jul
green,金門縣,9-Jul
green,連江縣,9-Jul
yellow,臺北市,9-Aug
yellow,新北市,9-Aug
yellow,臺中市,9-Aug
yellow,臺南市,9-Aug
yellow,高雄市,9-Aug
yellow,基隆市,9-Aug
yellow,新竹市,9-Aug
yellow,嘉義市,9-Aug
green,宜蘭縣,9-Aug
yellow,桃園市,9-Aug
yellow,新竹縣,9-Aug
yellow,苗栗縣,9-Aug
yellow,彰化縣,9-Aug
yellow,南投縣,9-Aug
yellow,雲林縣,9-Aug
yellow,嘉義縣,9-Aug
yellow,屏東縣,9-Aug
green,臺東縣,9-Aug
yellow,花蓮縣,9-Aug
yellow,澎湖縣,9-Aug
yellow,金門縣,9-Aug
yellow,連江縣,9-Aug
yellow,臺北市,9-Sep
green,新北市,9-Sep
orange,臺中市,9-Sep
yellow,臺南市,9-Sep
yellow,高雄市,9-Sep
green,基隆市,9-Sep
yellow,新竹市,9-Sep
orange,嘉義市,9-Sep
green,宜蘭縣,9-Sep
yellow,桃園市,9-Sep
yellow,新竹縣,9-Sep
yellow,苗栗縣,9-Sep
orange,彰化縣,9-Sep
orange,南投縣,9-Sep
orange,雲林縣,9-Sep
yellow,嘉義縣,9-Sep
yellow,屏東縣,9-Sep
yellow,臺東縣,9-Sep
yellow,花蓮縣,9-Sep
yellow,澎湖縣,9-Sep
yellow,金門縣,9-Sep
yellow,連江縣,9-Sep
yellow,臺北市,9-Oct
yellow,新北市,9-Oct
yellow,臺中市,9-Oct
orange,臺南市,9-Oct
orange,高雄市,9-Oct
yellow,基隆市,9-Oct
yellow,新竹市,9-Oct
orange,嘉義市,9-Oct
yellow,宜蘭縣,9-Oct
yellow,桃園市,9-Oct
yellow,新竹縣,9-Oct
yellow,苗栗縣,9-Oct
orange,彰化縣,9-Oct
orange,南投縣,9-Oct
orange,雲林縣,9-Oct
orange,嘉義縣,9-Oct
orange,屏東縣,9-Oct
yellow,臺東縣,9-Oct
yellow,花蓮縣,9-Oct
yellow,澎湖縣,9-Oct
orange,金門縣,9-Oct
yellow,連江縣,9-Oct
yellow,臺北市,9-Nov
yellow,新北市,9-Nov
yellow,臺中市,9-Nov
orange,臺南市,9-Nov
orange,高雄市,9-Nov
yellow,基隆市,9-Nov
yellow,新竹市,9-Nov
orange,嘉義市,9-Nov
green,宜蘭縣,9-Nov
yellow,桃園市,9-Nov
yellow,新竹縣,9-Nov
yellow,苗栗縣,9-Nov
yellow,彰化縣,9-Nov
orange,南投縣,9-Nov
orange,雲林縣,9-Nov
yellow,嘉義縣,9-Nov
orange,屏東縣,9-Nov
yellow,臺東縣,9-Nov
yellow,花蓮縣,9-Nov
yellow,澎湖縣,9-Nov
yellow,金門縣,9-Nov
yellow,連江縣,9-Nov
yellow,臺北市,9-Dec
orange,新北市,9-Dec
orange,臺中市,9-Dec
red,臺南市,9-Dec
red,高雄市,9-Dec
yellow,基隆市,9-Dec
orange,新竹市,9-Dec
red,嘉義市,9-Dec
yellow,宜蘭縣,9-Dec
orange,桃園市,9-Dec
orange,新竹縣,9-Dec
orange,苗栗縣,9-Dec
orange,彰化縣,9-Dec
orange,南投縣,9-Dec
orange,雲林縣,9-Dec
orange,嘉義縣,9-Dec
orange,屏東縣,9-Dec
yellow,臺東縣,9-Dec
yellow,花蓮縣,9-Dec
yellow,澎湖縣,9-Dec
red,金門縣,9-Dec
orange,連江縣,9-Dec
yellow,臺北市,10-Jan
yellow,新北市,10-Jan
orange,臺中市,10-Jan
orange,臺南市,10-Jan
red,高雄市,10-Jan
yellow,基隆市,10-Jan
orange,新竹市,10-Jan
red,嘉義市,10-Jan
yellow,宜蘭縣,10-Jan
yellow,桃園市,10-Jan
yellow,新竹縣,10-Jan
yellow,苗栗縣,10-Jan
orange,彰化縣,10-Jan
orange,南投縣,10-Jan
orange,雲林縣,10-Jan
orange,嘉義縣,10-Jan
orange,屏東縣,10-Jan
green,臺東縣,10-Jan
yellow,花蓮縣,10-Jan
yellow,澎湖縣,10-Jan
red,金門縣,10-Jan
orange,連江縣,10-Jan
yellow,臺北市,10-Feb
yellow,新北市,10-Feb
yellow,臺中市,10-Feb
orange,臺南市,10-Feb
orange,高雄市,10-Feb
yellow,基隆市,10-Feb
yellow,新竹市,10-Feb
orange,嘉義市,10-Feb
yellow,宜蘭縣,10-Feb
yellow,桃園市,10-Feb
yellow,新竹縣,10-Feb
yellow,苗栗縣,10-Feb
orange,彰化縣,10-Feb
orange,南投縣,10-Feb
orange,雲林縣,10-Feb
yellow,嘉義縣,10-Feb
yellow,屏東縣,10-Feb
green,臺東縣,10-Feb
yellow,花蓮縣,10-Feb
yellow,澎湖縣,10-Feb
yellow,金門縣,10-Feb
yellow,連江縣,10-Feb
orange,臺北市,10-Mar
orange,新北市,10-Mar
orange,臺中市,10-Mar
orange,臺南市,10-Mar
orange,高雄市,10-Mar
yellow,基隆市,10-Mar
orange,新竹市,10-Mar
red,嘉義市,10-Mar
yellow,宜蘭縣,10-Mar
orange,桃園市,10-Mar
orange,新竹縣,10-Mar
orange,苗栗縣,10-Mar
orange,彰化縣,10-Mar
orange,南投縣,10-Mar
orange,雲林縣,10-Mar
orange,嘉義縣,10-Mar
orange,屏東縣,10-Mar
yellow,臺東縣,10-Mar
yellow,花蓮縣,10-Mar
yellow,澎湖縣,10-Mar
orange,金門縣,10-Mar
orange,連江縣,10-Mar
yellow,臺北市,10-Apr
yellow,新北市,10-Apr
orange,臺中市,10-Apr
orange,臺南市,10-Apr
orange,高雄市,10-Apr
yellow,基隆市,10-Apr
yellow,新竹市,10-Apr
orange,嘉義市,10-Apr
yellow,宜蘭縣,10-Apr
yellow,桃園市,10-Apr
yellow,新竹縣,10-Apr
yellow,苗栗縣,10-Apr
orange,彰化縣,10-Apr
orange,南投縣,10-Apr
orange,雲林縣,10-Apr
yellow,嘉義縣,10-Apr
orange,屏東縣,10-Apr
green,臺東縣,10-Apr
yellow,花蓮縣,10-Apr
yellow,澎湖縣,10-Apr
orange,金門縣,10-Apr
yellow,連江縣,10-Apr
yellow,臺北市,10-May
yellow,新北市,10-May
yellow,臺中市,10-May
yellow,臺南市,10-May
yellow,高雄市,10-May
yellow,基隆市,10-May
yellow,新竹市,10-May
orange,嘉義市,10-May
yellow,宜蘭縣,10-May
yellow,桃園市,10-May
yellow,新竹縣,10-May
yellow,苗栗縣,10-May
yellow,彰化縣,10-May
yellow,南投縣,10-May
yellow,雲林縣,10-May
yellow,嘉義縣,10-May
yellow,屏東縣,10-May
green,臺東縣,10-May
yellow,花蓮縣,10-May
yellow,澎湖縣,10-May
orange,金門縣,10-May
yellow,連江縣,10-May
yellow,臺北市,10-Jun
yellow,新北市,10-Jun
yellow,臺中市,10-Jun
yellow,臺南市,10-Jun
yellow,高雄市,10-Jun
yellow,基隆市,10-Jun
yellow,新竹市,10-Jun
yellow,嘉義市,10-Jun
green,宜蘭縣,10-Jun
yellow,桃園市,10-Jun
yellow,新竹縣,10-Jun
green,苗栗縣,10-Jun
yellow,彰化縣,10-Jun
yellow,南投縣,10-Jun
yellow,雲林縣,10-Jun
yellow,嘉義縣,10-Jun
yellow,屏東縣,10-Jun
green,臺東縣,10-Jun
yellow,花蓮縣,10-Jun
green,澎湖縣,10-Jun
yellow,金門縣,10-Jun
yellow,連江縣,10-Jun
yellow,臺北市,10-Jul
yellow,新北市,10-Jul
yellow,臺中市,10-Jul
yellow,臺南市,10-Jul
yellow,高雄市,10-Jul
green,基隆市,10-Jul
yellow,新竹市,10-Jul
yellow,嘉義市,10-Jul
green,宜蘭縣,10-Jul
yellow,桃園市,10-Jul
yellow,新竹縣,10-Jul
green,苗栗縣,10-Jul
yellow,彰化縣,10-Jul
green,南投縣,10-Jul
yellow,雲林縣,10-Jul
green,嘉義縣,10-Jul
green,屏東縣,10-Jul
green,臺東縣,10-Jul
yellow,花蓮縣,10-Jul
green,澎湖縣,10-Jul
yellow,金門縣,10-Jul
green,連江縣,10-Jul
yellow,臺北市,10-Aug
yellow,新北市,10-Aug
yellow,臺中市,10-Aug
yellow,臺南市,10-Aug
yellow,高雄市,10-Aug
green,基隆市,10-Aug
yellow,新竹市,10-Aug
yellow,嘉義市,10-Aug
green,宜蘭縣,10-Aug
yellow,桃園市,10-Aug
yellow,新竹縣,10-Aug
yellow,苗栗縣,10-Aug
yellow,彰化縣,10-Aug
yellow,南投縣,10-Aug
yellow,雲林縣,10-Aug
yellow,嘉義縣,10-Aug
yellow,屏東縣,10-Aug
green,臺東縣,10-Aug
yellow,花蓮縣,10-Aug
green,澎湖縣,10-Aug
yellow,金門縣,10-Aug
green,連江縣,10-Aug
yellow,臺北市,10-Sep
yellow,新北市,10-Sep
yellow,臺中市,10-Sep
yellow,臺南市,10-Sep
yellow,高雄市,10-Sep
green,基隆市,10-Sep
yellow,新竹市,10-Sep
yellow,嘉義市,10-Sep
green,宜蘭縣,10-Sep
yellow,桃園市,10-Sep
yellow,新竹縣,10-Sep
yellow,苗栗縣,10-Sep
yellow,彰化縣,10-Sep
yellow,南投縣,10-Sep
yellow,雲林縣,10-Sep
yellow,嘉義縣,10-Sep
yellow,屏東縣,10-Sep
green,臺東縣,10-Sep
yellow,花蓮縣,10-Sep
green,澎湖縣,10-Sep
yellow,金門縣,10-Sep
yellow,連江縣,10-Sep
yellow,臺北市,10-Oct
yellow,新北市,10-Oct
yellow,臺中市,10-Oct
orange,臺南市,10-Oct
orange,高雄市,10-Oct
yellow,基隆市,10-Oct
yellow,新竹市,10-Oct
orange,嘉義市,10-Oct
green,宜蘭縣,10-Oct
yellow,桃園市,10-Oct
yellow,新竹縣,10-Oct
yellow,苗栗縣,10-Oct
yellow,彰化縣,10-Oct
orange,南投縣,10-Oct
yellow,雲林縣,10-Oct
yellow,嘉義縣,10-Oct
yellow,屏東縣,10-Oct
green,臺東縣,10-Oct
yellow,花蓮縣,10-Oct
yellow,澎湖縣,10-Oct
orange,金門縣,10-Oct
yellow,連江縣,10-Oct
yellow,臺北市,10-Nov
yellow,新北市,10-Nov
orange,臺中市,10-Nov
orange,臺南市,10-Nov
red,高雄市,10-Nov
yellow,基隆市,10-Nov
yellow,新竹市,10-Nov
red,嘉義市,10-Nov
yellow,宜蘭縣,10-Nov
yellow,桃園市,10-Nov
yellow,新竹縣,10-Nov
yellow,苗栗縣,10-Nov
orange,彰化縣,10-Nov
orange,南投縣,10-Nov
orange,雲林縣,10-Nov
orange,嘉義縣,10-Nov
orange,屏東縣,10-Nov
yellow,臺東縣,10-Nov
yellow,花蓮縣,10-Nov
yellow,澎湖縣,10-Nov
orange,金門縣,10-Nov
orange,連江縣,10-Nov
yellow,臺北市,10-Dec
yellow,新北市,10-Dec
orange,臺中市,10-Dec
red,臺南市,10-Dec
red,高雄市,10-Dec
yellow,基隆市,10-Dec
orange,新竹市,10-Dec
red,嘉義市,10-Dec
yellow,宜蘭縣,10-Dec
yellow,桃園市,10-Dec
yellow,新竹縣,10-Dec
orange,苗栗縣,10-Dec
orange,彰化縣,10-Dec
orange,南投縣,10-Dec
orange,雲林縣,10-Dec
orange,嘉義縣,10-Dec
orange,屏東縣,10-Dec
yellow,臺東縣,10-Dec
yellow,花蓮縣,10-Dec
yellow,澎湖縣,10-Dec
red,金門縣,10-Dec
orange,連江縣,10-Dec
yellow,臺北市,11-Jan
yellow,新北市,11-Jan
yellow,臺中市,11-Jan
orange,臺南市,11-Jan
orange,高雄市,11-Jan
yellow,基隆市,11-Jan
yellow,新竹市,11-Jan
orange,嘉義市,11-Jan
yellow,宜蘭縣,11-Jan
yellow,桃園市,11-Jan
yellow,新竹縣,11-Jan
yellow,苗栗縣,11-Jan
yellow,彰化縣,11-Jan
orange,南投縣,11-Jan
yellow,雲林縣,11-Jan
yellow,嘉義縣,11-Jan
orange,屏東縣,11-Jan
green,臺東縣,11-Jan
yellow,花蓮縣,11-Jan
yellow,澎湖縣,11-Jan
orange,金門縣,11-Jan
orange,連江縣,11-Jan
yellow,臺北市,11-Feb
yellow,新北市,11-Feb
orange,臺中市,11-Feb
red,臺南市,11-Feb
red,高雄市,11-Feb
yellow,基隆市,11-Feb
orange,新竹市,11-Feb
red,嘉義市,11-Feb
yellow,宜蘭縣,11-Feb
yellow,桃園市,11-Feb
orange,新竹縣,11-Feb
orange,苗栗縣,11-Feb
orange,彰化縣,11-Feb
orange,南投縣,11-Feb
orange,雲林縣,11-Feb
red,嘉義縣,11-Feb
orange,屏東縣,11-Feb
yellow,臺東縣,11-Feb
yellow,花蓮縣,11-Feb
orange,澎湖縣,11-Feb
red,金門縣,11-Feb
red,連江縣,11-Feb
orange,臺北市,11-Mar
orange,新北市,11-Mar
orange,臺中市,11-Mar
red,臺南市,11-Mar
red,高雄市,11-Mar
yellow,基隆市,11-Mar
orange,新竹市,11-Mar
red,嘉義市,11-Mar
yellow,宜蘭縣,11-Mar
yellow,桃園市,11-Mar
orange,新竹縣,11-Mar
orange,苗栗縣,11-Mar
orange,彰化縣,11-Mar
orange,南投縣,11-Mar
orange,雲林縣,11-Mar
orange,嘉義縣,11-Mar
orange,屏東縣,11-Mar
yellow,臺東縣,11-Mar
yellow,花蓮縣,11-Mar
yellow,澎湖縣,11-Mar
red,金門縣,11-Mar
orange,連江縣,11-Mar
orange,臺北市,11-Apr
orange,新北市,11-Apr
orange,臺中市,11-Apr
orange,臺南市,11-Apr
orange,高雄市,11-Apr
yellow,基隆市,11-Apr
orange,新竹市,11-Apr
red,嘉義市,11-Apr
yellow,宜蘭縣,11-Apr
orange,桃園市,11-Apr
orange,新竹縣,11-Apr
orange,苗栗縣,11-Apr
red,彰化縣,11-Apr
orange,南投縣,11-Apr
orange,雲林縣,11-Apr
orange,嘉義縣,11-Apr
orange,屏東縣,11-Apr
yellow,臺東縣,11-Apr
yellow,花蓮縣,11-Apr
yellow,澎湖縣,11-Apr
red,金門縣,11-Apr
orange,連江縣,11-Apr
yellow,臺北市,11-May
yellow,新北市,11-May
yellow,臺中市,11-May
yellow,臺南市,11-May
yellow,高雄市,11-May
yellow,基隆市,11-May
yellow,新竹市,11-May
orange,嘉義市,11-May
yellow,宜蘭縣,11-May
yellow,桃園市,11-May
yellow,新竹縣,11-May
yellow,苗栗縣,11-May
yellow,彰化縣,11-May
yellow,南投縣,11-May
yellow,雲林縣,11-May
yellow,嘉義縣,11-May
yellow,屏東縣,11-May
green,臺東縣,11-May
yellow,花蓮縣,11-May
yellow,澎湖縣,11-May
orange,金門縣,11-May
yellow,連江縣,11-May
yellow,臺北市,11-Jun
yellow,新北市,11-Jun
yellow,臺中市,11-Jun
yellow,臺南市,11-Jun
yellow,高雄市,11-Jun
yellow,基隆市,11-Jun
yellow,新竹市,11-Jun
yellow,嘉義市,11-Jun
green,宜蘭縣,11-Jun
yellow,桃園市,11-Jun
yellow,新竹縣,11-Jun
yellow,苗栗縣,11-Jun
yellow,彰化縣,11-Jun
yellow,南投縣,11-Jun
yellow,雲林縣,11-Jun
yellow,嘉義縣,11-Jun
yellow,屏東縣,11-Jun
green,臺東縣,11-Jun
green,花蓮縣,11-Jun
green,澎湖縣,11-Jun
yellow,金門縣,11-Jun
yellow,連江縣,11-Jun
yellow,臺北市,11-Jul
yellow,新北市,11-Jul
yellow,臺中市,11-Jul
yellow,臺南市,11-Jul
yellow,高雄市,11-Jul
yellow,基隆市,11-Jul
yellow,新竹市,11-Jul
yellow,嘉義市,11-Jul
yellow,宜蘭縣,11-Jul
yellow,桃園市,11-Jul
yellow,新竹縣,11-Jul
yellow,苗栗縣,11-Jul
yellow,彰化縣,11-Jul
yellow,南投縣,11-Jul
yellow,雲林縣,11-Jul
yellow,嘉義縣,11-Jul
yellow,屏東縣,11-Jul
green,臺東縣,11-Jul
green,花蓮縣,11-Jul
green,澎湖縣,11-Jul
yellow,金門縣,11-Jul
yellow,連江縣,11-Jul
yellow,臺北市,11-Aug
yellow,新北市,11-Aug
yellow,臺中市,11-Aug
yellow,臺南市,11-Aug
yellow,高雄市,11-Aug
green,基隆市,11-Aug
yellow,新竹市,11-Aug
yellow,嘉義市,11-Aug
green,宜蘭縣,11-Aug
yellow,桃園市,11-Aug
yellow,新竹縣,11-Aug
yellow,苗栗縣,11-Aug
yellow,彰化縣,11-Aug
yellow,南投縣,11-Aug
yellow,雲林縣,11-Aug
yellow,嘉義縣,11-Aug
yellow,屏東縣,11-Aug
green,臺東縣,11-Aug
green,花蓮縣,11-Aug
green,澎湖縣,11-Aug
yellow,金門縣,11-Aug
yellow,連江縣,11-Aug
yellow,臺北市,11-Sep
yellow,新北市,11-Sep
orange,臺中市,11-Sep
orange,臺南市,11-Sep
orange,高雄市,11-Sep
yellow,基隆市,11-Sep
orange,新竹市,11-Sep
orange,嘉義市,11-Sep
yellow,宜蘭縣,11-Sep
yellow,桃園市,11-Sep
yellow,新竹縣,11-Sep
orange,苗栗縣,11-Sep
orange,彰化縣,11-Sep
orange,南投縣,11-Sep
orange,雲林縣,11-Sep
orange,嘉義縣,11-Sep
yellow,屏東縣,11-Sep
yellow,臺東縣,11-Sep
yellow,花蓮縣,11-Sep
yellow,澎湖縣,11-Sep
orange,金門縣,11-Sep
yellow,連江縣,11-Sep
yellow,臺北市,11-Oct
yellow,新北市,11-Oct
yellow,臺中市,11-Oct
orange,臺南市,11-Oct
orange,高雄市,11-Oct
yellow,基隆市,11-Oct
yellow,新竹市,11-Oct
orange,嘉義市,11-Oct
yellow,宜蘭縣,11-Oct
yellow,桃園市,11-Oct
yellow,新竹縣,11-Oct
yellow,苗栗縣,11-Oct
yellow,彰化縣,11-Oct
yellow,南投縣,11-Oct
yellow,雲林縣,11-Oct
orange,嘉義縣,11-Oct
yellow,屏東縣,11-Oct
green,臺東縣,11-Oct
yellow,花蓮縣,11-Oct
yellow,澎湖縣,11-Oct
orange,金門縣,11-Oct
yellow,連江縣,11-Oct
yellow,臺北市,11-Nov
yellow,新北市,11-Nov
orange,臺中市,11-Nov
orange,臺南市,11-Nov
orange,高雄市,11-Nov
green,基隆市,11-Nov
yellow,新竹市,11-Nov
orange,嘉義市,11-Nov
green,宜蘭縣,11-Nov
yellow,桃園市,11-Nov
yellow,新竹縣,11-Nov
yellow,苗栗縣,11-Nov
orange,彰化縣,11-Nov
orange,南投縣,11-Nov
yellow,雲林縣,11-Nov
orange,嘉義縣,11-Nov
yellow,屏東縣,11-Nov
green,臺東縣,11-Nov
yellow,花蓮縣,11-Nov
yellow,澎湖縣,11-Nov
orange,金門縣,11-Nov
yellow,連江縣,11-Nov
yellow,臺北市,11-Dec
yellow,新北市,11-Dec
yellow,臺中市,11-Dec
orange,臺南市,11-Dec
orange,高雄市,11-Dec
yellow,基隆市,11-Dec
yellow,新竹市,11-Dec
orange,嘉義市,11-Dec
yellow,宜蘭縣,11-Dec
yellow,桃園市,11-Dec
yellow,新竹縣,11-Dec
yellow,苗栗縣,11-Dec
yellow,彰化縣,11-Dec
yellow,南投縣,11-Dec
yellow,雲林縣,11-Dec
yellow,嘉義縣,11-Dec
orange,屏東縣,11-Dec
green,臺東縣,11-Dec
yellow,花蓮縣,11-Dec
yellow,澎湖縣,11-Dec
orange,金門縣,11-Dec
orange,連江縣,11-Dec
yellow,臺北市,12-Jan
yellow,新北市,12-Jan
yellow,臺中市,12-Jan
orange,臺南市,12-Jan
orange,高雄市,12-Jan
yellow,基隆市,12-Jan
yellow,新竹市,12-Jan
orange,嘉義市,12-Jan
yellow,宜蘭縣,12-Jan
yellow,桃園市,12-Jan
yellow,新竹縣,12-Jan
yellow,苗栗縣,12-Jan
yellow,彰化縣,12-Jan
yellow,南投縣,12-Jan
yellow,雲林縣,12-Jan
yellow,嘉義縣,12-Jan
orange,屏東縣,12-Jan
green,臺東縣,12-Jan
yellow,花蓮縣,12-Jan
yellow,澎湖縣,12-Jan
orange,金門縣,12-Jan
yellow,連江縣,12-Jan
yellow,臺北市,12-Feb
yellow,新北市,12-Feb
yellow,臺中市,12-Feb
orange,臺南市,12-Feb
orange,高雄市,12-Feb
yellow,基隆市,12-Feb
yellow,新竹市,12-Feb
orange,嘉義市,12-Feb
green,宜蘭縣,12-Feb
yellow,桃園市,12-Feb
yellow,新竹縣,12-Feb
yellow,苗栗縣,12-Feb
yellow,彰化縣,12-Feb
orange,南投縣,12-Feb
yellow,雲林縣,12-Feb
orange,嘉義縣,12-Feb
orange,屏東縣,12-Feb
green,臺東縣,12-Feb
yellow,花蓮縣,12-Feb
yellow,澎湖縣,12-Feb
orange,金門縣,12-Feb
yellow,連江縣,12-Feb
yellow,臺北市,12-Mar
yellow,新北市,12-Mar
orange,臺中市,12-Mar
orange,臺南市,12-Mar
orange,高雄市,12-Mar
yellow,基隆市,12-Mar
yellow,新竹市,12-Mar
red,嘉義市,12-Mar
yellow,宜蘭縣,12-Mar
yellow,桃園市,12-Mar
yellow,新竹縣,12-Mar
yellow,苗栗縣,12-Mar
orange,彰化縣,12-Mar
orange,南投縣,12-Mar
orange,雲林縣,12-Mar
orange,嘉義縣,12-Mar
orange,屏東縣,12-Mar
green,臺東縣,12-Mar
yellow,花蓮縣,12-Mar
yellow,澎湖縣,12-Mar
orange,金門縣,12-Mar
yellow,連江縣,12-Mar
yellow,臺北市,12-Apr
yellow,新北市,12-Apr
yellow,臺中市,12-Apr
yellow,臺南市,12-Apr
yellow,高雄市,12-Apr
yellow,基隆市,12-Apr
yellow,新竹市,12-Apr
orange,嘉義市,12-Apr
yellow,宜蘭縣,12-Apr
yellow,桃園市,12-Apr
yellow,新竹縣,12-Apr
yellow,苗栗縣,12-Apr
yellow,彰化縣,12-Apr
yellow,南投縣,12-Apr
yellow,雲林縣,12-Apr
yellow,嘉義縣,12-Apr
yellow,屏東縣,12-Apr
yellow,臺東縣,12-Apr
yellow,花蓮縣,12-Apr
yellow,澎湖縣,12-Apr
orange,金門縣,12-Apr
orange,連江縣,12-Apr
yellow,臺北市,12-May
yellow,新北市,12-May
yellow,臺中市,12-May
yellow,臺南市,12-May
yellow,高雄市,12-May
yellow,基隆市,12-May
yellow,新竹市,12-May
yellow,嘉義市,12-May
yellow,宜蘭縣,12-May
yellow,桃園市,12-May
yellow,新竹縣,12-May
yellow,苗栗縣,12-May
yellow,彰化縣,12-May
yellow,南投縣,12-May
yellow,雲林縣,12-May
yellow,嘉義縣,12-May
yellow,屏東縣,12-May
green,臺東縣,12-May
yellow,花蓮縣,12-May
yellow,澎湖縣,12-May
orange,金門縣,12-May
yellow,連江縣,12-May
yellow,臺北市,12-Jun
yellow,新北市,12-Jun
yellow,臺中市,12-Jun
yellow,臺南市,12-Jun
yellow,高雄市,12-Jun
green,基隆市,12-Jun
yellow,新竹市,12-Jun
yellow,嘉義市,12-Jun
green,宜蘭縣,12-Jun
yellow,桃園市,12-Jun
yellow,新竹縣,12-Jun
green,苗栗縣,12-Jun
yellow,彰化縣,12-Jun
green,南投縣,12-Jun
yellow,雲林縣,12-Jun
yellow,嘉義縣,12-Jun
green,屏東縣,12-Jun
green,臺東縣,12-Jun
green,花蓮縣,12-Jun
yellow,澎湖縣,12-Jun
yellow,金門縣,12-Jun
green,連江縣,12-Jun
yellow,臺北市,12-Jul
green,新北市,12-Jul
yellow,臺中市,12-Jul
yellow,臺南市,12-Jul
yellow,高雄市,12-Jul
green,基隆市,12-Jul
yellow,新竹市,12-Jul
yellow,嘉義市,12-Jul
green,宜蘭縣,12-Jul
yellow,桃園市,12-Jul
yellow,新竹縣,12-Jul
yellow,苗栗縣,12-Jul
yellow,彰化縣,12-Jul
yellow,南投縣,12-Jul
yellow,雲林縣,12-Jul
yellow,嘉義縣,12-Jul
yellow,屏東縣,12-Jul
green,臺東縣,12-Jul
green,花蓮縣,12-Jul
green,澎湖縣,12-Jul
yellow,金門縣,12-Jul
green,連江縣,12-Jul
yellow,臺北市,12-Aug
yellow,新北市,12-Aug
yellow,臺中市,12-Aug
yellow,臺南市,12-Aug
yellow,高雄市,12-Aug
green,基隆市,12-Aug
yellow,新竹市,12-Aug
yellow,嘉義市,12-Aug
green,宜蘭縣,12-Aug
yellow,桃園市,12-Aug
yellow,新竹縣,12-Aug
yellow,苗栗縣,12-Aug
yellow,彰化縣,12-Aug
yellow,南投縣,12-Aug
yellow,雲林縣,12-Aug
yellow,嘉義縣,12-Aug
yellow,屏東縣,12-Aug
green,臺東縣,12-Aug
green,花蓮縣,12-Aug
yellow,澎湖縣,12-Aug
yellow,金門縣,12-Aug
yellow,連江縣,12-Aug
yellow,臺北市,12-Sep
yellow,新北市,12-Sep
yellow,臺中市,12-Sep
yellow,臺南市,12-Sep
orange,高雄市,12-Sep
green,基隆市,12-Sep
yellow,新竹市,12-Sep
orange,嘉義市,12-Sep
yellow,宜蘭縣,12-Sep
yellow,桃園市,12-Sep
yellow,新竹縣,12-Sep
yellow,苗栗縣,12-Sep
yellow,彰化縣,12-Sep
yellow,南投縣,12-Sep
yellow,雲林縣,12-Sep
yellow,嘉義縣,12-Sep
yellow,屏東縣,12-Sep
green,臺東縣,12-Sep
green,花蓮縣,12-Sep
yellow,澎湖縣,12-Sep
yellow,金門縣,12-Sep
yellow,連江縣,12-Sep
yellow,臺北市,12-Oct
yellow,新北市,12-Oct
orange,臺中市,12-Oct
orange,臺南市,12-Oct
orange,高雄市,12-Oct
yellow,基隆市,12-Oct
yellow,新竹市,12-Oct
orange,嘉義市,12-Oct
yellow,宜蘭縣,12-Oct
yellow,桃園市,12-Oct
yellow,新竹縣,12-Oct
yellow,苗栗縣,12-Oct
yellow,彰化縣,12-Oct
orange,南投縣,12-Oct
orange,雲林縣,12-Oct
orange,嘉義縣,12-Oct
orange,屏東縣,12-Oct
green,臺東縣,12-Oct
yellow,花蓮縣,12-Oct
yellow,澎湖縣,12-Oct
orange,金門縣,12-Oct
yellow,連江縣,12-Oct
yellow,臺北市,12-Nov
yellow,新北市,12-Nov
orange,臺中市,12-Nov
orange,臺南市,12-Nov
orange,高雄市,12-Nov
yellow,基隆市,12-Nov
yellow,新竹市,12-Nov
orange,嘉義市,12-Nov
yellow,宜蘭縣,12-Nov
yellow,桃園市,12-Nov
yellow,新竹縣,12-Nov
yellow,苗栗縣,12-Nov
orange,彰化縣,12-Nov
orange,南投縣,12-Nov
orange,雲林縣,12-Nov
orange,嘉義縣,12-Nov
orange,屏東縣,12-Nov
green,臺東縣,12-Nov
yellow,花蓮縣,12-Nov
yellow,澎湖縣,12-Nov
orange,金門縣,12-Nov
orange,連江縣,12-Nov
yellow,臺北市,12-Dec
yellow,新北市,12-Dec
yellow,臺中市,12-Dec
orange,臺南市,12-Dec
orange,高雄市,12-Dec
yellow,基隆市,12-Dec
yellow,新竹市,12-Dec
orange,嘉義市,12-Dec
yellow,宜蘭縣,12-Dec
yellow,桃園市,12-Dec
yellow,新竹縣,12-Dec
yellow,苗栗縣,12-Dec
yellow,彰化縣,12-Dec
orange,南投縣,12-Dec
yellow,雲林縣,12-Dec
orange,嘉義縣,12-Dec
orange,屏東縣,12-Dec
green,臺東縣,12-Dec
green,花蓮縣,12-Dec
yellow,澎湖縣,12-Dec
orange,金門縣,12-Dec
yellow,連江縣,12-Dec
yellow,臺北市,13-Jan
yellow,新北市,13-Jan
orange,臺中市,13-Jan
orange,臺南市,13-Jan
orange,高雄市,13-Jan
yellow,基隆市,13-Jan
yellow,新竹市,13-Jan
orange,嘉義市,13-Jan
yellow,宜蘭縣,13-Jan
yellow,桃園市,13-Jan
yellow,新竹縣,13-Jan
yellow,苗栗縣,13-Jan
orange,彰化縣,13-Jan
orange,南投縣,13-Jan
orange,雲林縣,13-Jan
orange,嘉義縣,13-Jan
orange,屏東縣,13-Jan
green,臺東縣,13-Jan
green,花蓮縣,13-Jan
yellow,澎湖縣,13-Jan
orange,金門縣,13-Jan
orange,連江縣,13-Jan
yellow,臺北市,13-Feb
yellow,新北市,13-Feb
yellow,臺中市,13-Feb
orange,臺南市,13-Feb
orange,高雄市,13-Feb
yellow,基隆市,13-Feb
orange,新竹市,13-Feb
red,嘉義市,13-Feb
yellow,宜蘭縣,13-Feb
yellow,桃園市,13-Feb
yellow,新竹縣,13-Feb
yellow,苗栗縣,13-Feb
orange,彰化縣,13-Feb
orange,南投縣,13-Feb
orange,雲林縣,13-Feb
orange,嘉義縣,13-Feb
orange,屏東縣,13-Feb
green,臺東縣,13-Feb
green,花蓮縣,13-Feb
yellow,澎湖縣,13-Feb
orange,金門縣,13-Feb
yellow,連江縣,13-Feb
yellow,臺北市,13-Mar
yellow,新北市,13-Mar
orange,臺中市,13-Mar
orange,臺南市,13-Mar
orange,高雄市,13-Mar
yellow,基隆市,13-Mar
orange,新竹市,13-Mar
orange,嘉義市,13-Mar
yellow,宜蘭縣,13-Mar
yellow,桃園市,13-Mar
yellow,新竹縣,13-Mar
yellow,苗栗縣,13-Mar
orange,彰化縣,13-Mar
orange,南投縣,13-Mar
orange,雲林縣,13-Mar
orange,嘉義縣,13-Mar
orange,屏東縣,13-Mar
green,臺東縣,13-Mar
yellow,花蓮縣,13-Mar
yellow,澎湖縣,13-Mar
orange,金門縣,13-Mar
orange,連江縣,13-Mar
yellow,臺北市,13-Apr
yellow,新北市,13-Apr
yellow,臺中市,13-Apr
orange,臺南市,13-Apr
orange,高雄市,13-Apr
yellow,基隆市,13-Apr
orange,新竹市,13-Apr
orange,嘉義市,13-Apr
yellow,宜蘭縣,13-Apr
yellow,桃園市,13-Apr
yellow,新竹縣,13-Apr
yellow,苗栗縣,13-Apr
orange,彰化縣,13-Apr
orange,南投縣,13-Apr
orange,雲林縣,13-Apr
orange,嘉義縣,13-Apr
orange,屏東縣,13-Apr
green,臺東縣,13-Apr
yellow,花蓮縣,13-Apr
yellow,澎湖縣,13-Apr
red,金門縣,13-Apr
orange,連江縣,13-Apr
yellow,臺北市,13-May
yellow,新北市,13-May
yellow,臺中市,13-May
yellow,臺南市,13-May
yellow,高雄市,13-May
green,基隆市,13-May
yellow,新竹市,13-May
yellow,嘉義市,13-May
yellow,宜蘭縣,13-May
yellow,桃園市,13-May
yellow,新竹縣,13-May
yellow,苗栗縣,13-May
yellow,彰化縣,13-May
yellow,南投縣,13-May
yellow,雲林縣,13-May
yellow,嘉義縣,13-May
yellow,屏東縣,13-May
green,臺東縣,13-May
yellow,花蓮縣,13-May
green,澎湖縣,13-May
yellow,金門縣,13-May
yellow,連江縣,13-May
yellow,臺北市,13-Jun
yellow,新北市,13-Jun
yellow,臺中市,13-Jun
yellow,臺南市,13-Jun
yellow,高雄市,13-Jun
yellow,基隆市,13-Jun
yellow,新竹市,13-Jun
yellow,嘉義市,13-Jun
yellow,宜蘭縣,13-Jun
yellow,桃園市,13-Jun
yellow,新竹縣,13-Jun
yellow,苗栗縣,13-Jun
yellow,彰化縣,13-Jun
yellow,南投縣,13-Jun
yellow,雲林縣,13-Jun
yellow,嘉義縣,13-Jun
yellow,屏東縣,13-Jun
green,臺東縣,13-Jun
green,花蓮縣,13-Jun
yellow,澎湖縣,13-Jun
yellow,金門縣,13-Jun
yellow,連江縣,13-Jun
yellow,臺北市,13-Jul
yellow,新北市,13-Jul
yellow,臺中市,13-Jul
yellow,臺南市,13-Jul
yellow,高雄市,13-Jul
green,基隆市,13-Jul
yellow,新竹市,13-Jul
yellow,嘉義市,13-Jul
green,宜蘭縣,13-Jul
yellow,桃園市,13-Jul
yellow,新竹縣,13-Jul
yellow,苗栗縣,13-Jul
yellow,彰化縣,13-Jul
yellow,南投縣,13-Jul
yellow,雲林縣,13-Jul
yellow,嘉義縣,13-Jul
yellow,屏東縣,13-Jul
green,臺東縣,13-Jul
green,花蓮縣,13-Jul
green,澎湖縣,13-Jul
green,金門縣,13-Jul
green,連江縣,13-Jul
yellow,臺北市,13-Aug
yellow,新北市,13-Aug
yellow,臺中市,13-Aug
yellow,臺南市,13-Aug
yellow,高雄市,13-Aug
green,基隆市,13-Aug
yellow,新竹市,13-Aug
yellow,嘉義市,13-Aug
green,宜蘭縣,13-Aug
yellow,桃園市,13-Aug
yellow,新竹縣,13-Aug
yellow,苗栗縣,13-Aug
yellow,彰化縣,13-Aug
yellow,南投縣,13-Aug
yellow,雲林縣,13-Aug
yellow,嘉義縣,13-Aug
yellow,屏東縣,13-Aug
green,臺東縣,13-Aug
green,花蓮縣,13-Aug
green,澎湖縣,13-Aug
yellow,金門縣,13-Aug
yellow,連江縣,13-Aug
yellow,臺北市,13-Sep
yellow,新北市,13-Sep
yellow,臺中市,13-Sep
yellow,臺南市,13-Sep
orange,高雄市,13-Sep
green,基隆市,13-Sep
yellow,新竹市,13-Sep
yellow,嘉義市,13-Sep
yellow,宜蘭縣,13-Sep
yellow,桃園市,13-Sep
yellow,新竹縣,13-Sep
yellow,苗栗縣,13-Sep
yellow,彰化縣,13-Sep
yellow,南投縣,13-Sep
yellow,雲林縣,13-Sep
yellow,嘉義縣,13-Sep
yellow,屏東縣,13-Sep
green,臺東縣,13-Sep
yellow,花蓮縣,13-Sep
yellow,澎湖縣,13-Sep
yellow,金門縣,13-Sep
yellow,連江縣,13-Sep
yellow,臺北市,13-Oct
yellow,新北市,13-Oct
yellow,臺中市,13-Oct
orange,臺南市,13-Oct
orange,高雄市,13-Oct
yellow,基隆市,13-Oct
yellow,新竹市,13-Oct
orange,嘉義市,13-Oct
yellow,宜蘭縣,13-Oct
yellow,桃園市,13-Oct
yellow,新竹縣,13-Oct
yellow,苗栗縣,13-Oct
yellow,彰化縣,13-Oct
orange,南投縣,13-Oct
yellow,雲林縣,13-Oct
yellow,嘉義縣,13-Oct
orange,屏東縣,13-Oct
yellow,臺東縣,13-Oct
yellow,花蓮縣,13-Oct
yellow,澎湖縣,13-Oct
orange,金門縣,13-Oct
yellow,連江縣,13-Oct
yellow,臺北市,13-Nov
yellow,新北市,13-Nov
orange,臺中市,13-Nov
orange,臺南市,13-Nov
orange,高雄市,13-Nov
yellow,基隆市,13-Nov
yellow,新竹市,13-Nov
red,嘉義市,13-Nov
yellow,宜蘭縣,13-Nov
yellow,桃園市,13-Nov
yellow,新竹縣,13-Nov
yellow,苗栗縣,13-Nov
orange,彰化縣,13-Nov
orange,南投縣,13-Nov
orange,雲林縣,13-Nov
orange,嘉義縣,13-Nov
orange,屏東縣,13-Nov
yellow,臺東縣,13-Nov
yellow,花蓮縣,13-Nov
yellow,澎湖縣,13-Nov
orange,金門縣,13-Nov
orange,連江縣,13-Nov
yellow,臺北市,13-Dec
yellow,新北市,13-Dec
orange,臺中市,13-Dec
orange,臺南市,13-Dec
red,高雄市,13-Dec
yellow,基隆市,13-Dec
orange,新竹市,13-Dec
red,嘉義市,13-Dec
yellow,宜蘭縣,13-Dec
yellow,桃園市,13-Dec
yellow,新竹縣,13-Dec
yellow,苗栗縣,13-Dec
orange,彰化縣,13-Dec
orange,南投縣,13-Dec
orange,雲林縣,13-Dec
orange,嘉義縣,13-Dec
orange,屏東縣,13-Dec
yellow,臺東縣,13-Dec
yellow,花蓮縣,13-Dec
yellow,澎湖縣,13-Dec
red,金門縣,13-Dec
red,連江縣,13-Dec
yellow,臺北市,14-Jan
yellow,新北市,14-Jan
orange,臺中市,14-Jan
orange,臺南市,14-Jan
orange,高雄市,14-Jan
yellow,基隆市,14-Jan
orange,新竹市,14-Jan
orange,嘉義市,14-Jan
yellow,宜蘭縣,14-Jan
yellow,桃園市,14-Jan
yellow,新竹縣,14-Jan
orange,苗栗縣,14-Jan
orange,彰化縣,14-Jan
orange,南投縣,14-Jan
orange,雲林縣,14-Jan
orange,嘉義縣,14-Jan
orange,屏東縣,14-Jan
yellow,臺東縣,14-Jan
yellow,花蓮縣,14-Jan
yellow,澎湖縣,14-Jan
red,金門縣,14-Jan
orange,連江縣,14-Jan
yellow,臺北市,14-Feb
yellow,新北市,14-Feb
yellow,臺中市,14-Feb
yellow,臺南市,14-Feb
yellow,高雄市,14-Feb
yellow,基隆市,14-Feb
yellow,新竹市,14-Feb
orange,嘉義市,14-Feb
green,宜蘭縣,14-Feb
yellow,桃園市,14-Feb
yellow,新竹縣,14-Feb
yellow,苗栗縣,14-Feb
yellow,彰化縣,14-Feb
yellow,南投縣,14-Feb
yellow,雲林縣,14-Feb
yellow,嘉義縣,14-Feb
yellow,屏東縣,14-Feb
green,臺東縣,14-Feb
green,花蓮縣,14-Feb
yellow,澎湖縣,14-Feb
yellow,金門縣,14-Feb
yellow,連江縣,14-Feb
yellow,臺北市,14-Mar
yellow,新北市,14-Mar
orange,臺中市,14-Mar
orange,臺南市,14-Mar
orange,高雄市,14-Mar
yellow,基隆市,14-Mar
yellow,新竹市,14-Mar
orange,嘉義市,14-Mar
yellow,宜蘭縣,14-Mar
yellow,桃園市,14-Mar
yellow,新竹縣,14-Mar
yellow,苗栗縣,14-Mar
orange,彰化縣,14-Mar
orange,南投縣,14-Mar
orange,雲林縣,14-Mar
orange,嘉義縣,14-Mar
yellow,屏東縣,14-Mar
green,臺東縣,14-Mar
green,花蓮縣,14-Mar
yellow,澎湖縣,14-Mar
orange,金門縣,14-Mar
yellow,連江縣,14-Mar
yellow,臺北市,14-Apr
yellow,新北市,14-Apr
yellow,臺中市,14-Apr
yellow,臺南市,14-Apr
yellow,高雄市,14-Apr
yellow,基隆市,14-Apr
yellow,新竹市,14-Apr
orange,嘉義市,14-Apr
yellow,宜蘭縣,14-Apr
yellow,桃園市,14-Apr
yellow,新竹縣,14-Apr
yellow,苗栗縣,14-Apr
yellow,彰化縣,14-Apr
orange,南投縣,14-Apr
orange,雲林縣,14-Apr
orange,嘉義縣,14-Apr
yellow,屏東縣,14-Apr
green,臺東縣,14-Apr
green,花蓮縣,14-Apr
yellow,澎湖縣,14-Apr
orange,金門縣,14-Apr
yellow,連江縣,14-Apr
yellow,臺北市,14-May
yellow,新北市,14-May
yellow,臺中市,14-May
yellow,臺南市,14-May
yellow,高雄市,14-May
yellow,基隆市,14-May
yellow,新竹市,14-May
yellow,嘉義市,14-May
yellow,宜蘭縣,14-May
yellow,桃園市,14-May
yellow,新竹縣,14-May
yellow,苗栗縣,14-May
yellow,彰化縣,14-May
yellow,南投縣,14-May
yellow,雲林縣,14-May
yellow,嘉義縣,14-May
green,屏東縣,14-May
green,臺東縣,14-May
green,花蓮縣,14-May
green,澎湖縣,14-May
orange,金門縣,14-May
yellow,連江縣,14-May
yellow,臺北市,14-Jun
yellow,新北市,14-Jun
green,臺中市,14-Jun
green,臺南市,14-Jun
green,高雄市,14-Jun
yellow,基隆市,14-Jun
green,新竹市,14-Jun
green,嘉義市,14-Jun
green,宜蘭縣,14-Jun
yellow,桃園市,14-Jun
green,新竹縣,14-Jun
green,苗栗縣,14-Jun
yellow,彰化縣,14-Jun
green,南投縣,14-Jun
green,雲林縣,14-Jun
green,嘉義縣,14-Jun
green,屏東縣,14-Jun
green,臺東縣,14-Jun
green,花蓮縣,14-Jun
green,澎湖縣,14-Jun
yellow,金門縣,14-Jun
green,連江縣,14-Jun
green,臺北市,14-Jul
green,新北市,14-Jul
yellow,臺中市,14-Jul
green,臺南市,14-Jul
green,高雄市,14-Jul
green,基隆市,14-Jul
green,新竹市,14-Jul
yellow,嘉義市,14-Jul
green,宜蘭縣,14-Jul
yellow,桃園市,14-Jul
green,新竹縣,14-Jul
yellow,苗栗縣,14-Jul
yellow,彰化縣,14-Jul
yellow,南投縣,14-Jul
yellow,雲林縣,14-Jul
yellow,嘉義縣,14-Jul
green,屏東縣,14-Jul
green,臺東縣,14-Jul
green,花蓮縣,14-Jul
green,澎湖縣,14-Jul
green,金門縣,14-Jul
green,連江縣,14-Jul
yellow,臺北市,14-Aug
yellow,新北市,14-Aug
green,臺中市,14-Aug
green,臺南市,14-Aug
green,高雄市,14-Aug
yellow,基隆市,14-Aug
green,新竹市,14-Aug
green,嘉義市,14-Aug
green,宜蘭縣,14-Aug
yellow,桃園市,14-Aug
green,新竹縣,14-Aug
green,苗栗縣,14-Aug
yellow,彰化縣,14-Aug
green,南投縣,14-Aug
green,雲林縣,14-Aug
green,嘉義縣,14-Aug
green,屏東縣,14-Aug
green,臺東縣,14-Aug
green,花蓮縣,14-Aug
green,澎湖縣,14-Aug
yellow,金門縣,14-Aug
yellow,連江縣,14-Aug
green,臺北市,14-Sep
yellow,新北市,14-Sep
yellow,臺中市,14-Sep
yellow,臺南市,14-Sep
yellow,高雄市,14-Sep
green,基隆市,14-Sep
yellow,新竹市,14-Sep
yellow,嘉義市,14-Sep
green,宜蘭縣,14-Sep
yellow,桃園市,14-Sep
green,新竹縣,14-Sep
yellow,苗栗縣,14-Sep
yellow,彰化縣,14-Sep
yellow,南投縣,14-Sep
yellow,雲林縣,14-Sep
yellow,嘉義縣,14-Sep
green,屏東縣,14-Sep
green,臺東縣,14-Sep
green,花蓮縣,14-Sep
green,澎湖縣,14-Sep
yellow,金門縣,14-Sep
yellow,連江縣,14-Sep
yellow,臺北市,14-Oct
yellow,新北市,14-Oct
yellow,臺中市,14-Oct
orange,臺南市,14-Oct
orange,高雄市,14-Oct
yellow,基隆市,14-Oct
yellow,新竹市,14-Oct
orange,嘉義市,14-Oct
yellow,宜蘭縣,14-Oct
yellow,桃園市,14-Oct
yellow,新竹縣,14-Oct
yellow,苗栗縣,14-Oct
orange,彰化縣,14-Oct
orange,南投縣,14-Oct
orange,雲林縣,14-Oct
yellow,嘉義縣,14-Oct
yellow,屏東縣,14-Oct
green,臺東縣,14-Oct
green,花蓮縣,14-Oct
yellow,澎湖縣,14-Oct
yellow,金門縣,14-Oct
yellow,連江縣,14-Oct
yellow,臺北市,14-Nov
yellow,新北市,14-Nov
yellow,臺中市,14-Nov
orange,臺南市,14-Nov
orange,高雄市,14-Nov
yellow,基隆市,14-Nov
yellow,新竹市,14-Nov
orange,嘉義市,14-Nov
green,宜蘭縣,14-Nov
yellow,桃園市,14-Nov
green,新竹縣,14-Nov
yellow,苗栗縣,14-Nov
orange,彰化縣,14-Nov
orange,南投縣,14-Nov
orange,雲林縣,14-Nov
orange,嘉義縣,14-Nov
yellow,屏東縣,14-Nov
green,臺東縣,14-Nov
green,花蓮縣,14-Nov
yellow,澎湖縣,14-Nov
orange,金門縣,14-Nov
yellow,連江縣,14-Nov
yellow,臺北市,14-Dec
yellow,新北市,14-Dec
yellow,臺中市,14-Dec
orange,臺南市,14-Dec
orange,高雄市,14-Dec
yellow,基隆市,14-Dec
yellow,新竹市,14-Dec
orange,嘉義市,14-Dec
yellow,宜蘭縣,14-Dec
yellow,桃園市,14-Dec
yellow,新竹縣,14-Dec
yellow,苗栗縣,14-Dec
orange,彰化縣,14-Dec
orange,南投縣,14-Dec
orange,雲林縣,14-Dec
orange,嘉義縣,14-Dec
yellow,屏東縣,14-Dec
green,臺東縣,14-Dec
green,花蓮縣,14-Dec
yellow,澎湖縣,14-Dec
orange,金門縣,14-Dec
yellow,連江縣,14-Dec
yellow,臺北市,15-Jan
yellow,新北市,15-Jan
yellow,臺中市,15-Jan
orange,臺南市,15-Jan
orange,高雄市,15-Jan
yellow,基隆市,15-Jan
yellow,新竹市,15-Jan
orange,嘉義市,15-Jan
yellow,宜蘭縣,15-Jan
yellow,桃園市,15-Jan
yellow,新竹縣,15-Jan
yellow,苗栗縣,15-Jan
orange,彰化縣,15-Jan
orange,南投縣,15-Jan
orange,雲林縣,15-Jan
orange,嘉義縣,15-Jan
orange,屏東縣,15-Jan
yellow,臺東縣,15-Jan
yellow,花蓮縣,15-Jan
yellow,澎湖縣,15-Jan
orange,金門縣,15-Jan
orange,連江縣,15-Jan
yellow,臺北市,15-Feb
yellow,新北市,15-Feb
yellow,臺中市,15-Feb
orange,臺南市,15-Feb
orange,高雄市,15-Feb
yellow,基隆市,15-Feb
yellow,新竹市,15-Feb
orange,嘉義市,15-Feb
yellow,宜蘭縣,15-Feb
yellow,桃園市,15-Feb
yellow,新竹縣,15-Feb
yellow,苗栗縣,15-Feb
orange,彰化縣,15-Feb
orange,南投縣,15-Feb
orange,雲林縣,15-Feb
orange,嘉義縣,15-Feb
orange,屏東縣,15-Feb
green,臺東縣,15-Feb
green,花蓮縣,15-Feb
yellow,澎湖縣,15-Feb
orange,金門縣,15-Feb
yellow,連江縣,15-Feb
yellow,臺北市,15-Mar
yellow,新北市,15-Mar
yellow,臺中市,15-Mar
yellow,臺南市,15-Mar
orange,高雄市,15-Mar
yellow,基隆市,15-Mar
yellow,新竹市,15-Mar
orange,嘉義市,15-Mar
yellow,宜蘭縣,15-Mar
yellow,桃園市,15-Mar
yellow,新竹縣,15-Mar
yellow,苗栗縣,15-Mar
yellow,彰化縣,15-Mar
orange,南投縣,15-Mar
orange,雲林縣,15-Mar
yellow,嘉義縣,15-Mar
yellow,屏東縣,15-Mar
green,臺東縣,15-Mar
green,花蓮縣,15-Mar
yellow,澎湖縣,15-Mar
yellow,金門縣,15-Mar
yellow,連江縣,15-Mar
yellow,臺北市,15-Apr
yellow,新北市,15-Apr
yellow,臺中市,15-Apr
yellow,臺南市,15-Apr
yellow,高雄市,15-Apr
yellow,基隆市,15-Apr
yellow,新竹市,15-Apr
yellow,嘉義市,15-Apr
yellow,宜蘭縣,15-Apr
yellow,桃園市,15-Apr
yellow,新竹縣,15-Apr
yellow,苗栗縣,15-Apr
yellow,彰化縣,15-Apr
yellow,南投縣,15-Apr
yellow,雲林縣,15-Apr
yellow,嘉義縣,15-Apr
yellow,屏東縣,15-Apr
green,臺東縣,15-Apr
green,花蓮縣,15-Apr
yellow,澎湖縣,15-Apr
yellow,金門縣,15-Apr
yellow,連江縣,15-Apr
yellow,臺北市,15-May
yellow,新北市,15-May
yellow,臺中市,15-May
green,臺南市,15-May
green,高雄市,15-May
yellow,基隆市,15-May
yellow,新竹市,15-May
yellow,嘉義市,15-May
green,宜蘭縣,15-May
yellow,桃園市,15-May
green,新竹縣,15-May
yellow,苗栗縣,15-May
yellow,彰化縣,15-May
yellow,南投縣,15-May
yellow,雲林縣,15-May
yellow,嘉義縣,15-May
green,屏東縣,15-May
green,臺東縣,15-May
green,花蓮縣,15-May
green,澎湖縣,15-May
yellow,金門縣,15-May
yellow,連江縣,15-May
green,臺北市,15-Jun
green,新北市,15-Jun
green,臺中市,15-Jun
green,臺南市,15-Jun
green,高雄市,15-Jun
yellow,基隆市,15-Jun
green,新竹市,15-Jun
green,嘉義市,15-Jun
green,宜蘭縣,15-Jun
green,桃園市,15-Jun
green,新竹縣,15-Jun
green,苗栗縣,15-Jun
green,彰化縣,15-Jun
green,南投縣,15-Jun
green,雲林縣,15-Jun
green,嘉義縣,15-Jun
green,屏東縣,15-Jun
green,臺東縣,15-Jun
green,花蓮縣,15-Jun
green,澎湖縣,15-Jun
green,金門縣,15-Jun
green,連江縣,15-Jun
green,臺北市,15-Jul
green,新北市,15-Jul
yellow,臺中市,15-Jul
green,臺南市,15-Jul
green,高雄市,15-Jul
yellow,基隆市,15-Jul
yellow,新竹市,15-Jul
green,嘉義市,15-Jul
green,宜蘭縣,15-Jul
yellow,桃園市,15-Jul
green,新竹縣,15-Jul
green,苗栗縣,15-Jul
yellow,彰化縣,15-Jul
green,南投縣,15-Jul
yellow,雲林縣,15-Jul
green,嘉義縣,15-Jul
green,屏東縣,15-Jul
green,臺東縣,15-Jul
green,花蓮縣,15-Jul
green,澎湖縣,15-Jul
yellow,金門縣,15-Jul
yellow,連江縣,15-Jul
green,臺北市,15-Aug
green,新北市,15-Aug
green,臺中市,15-Aug
green,臺南市,15-Aug
green,高雄市,15-Aug
green,基隆市,15-Aug
green,新竹市,15-Aug
green,嘉義市,15-Aug
green,宜蘭縣,15-Aug
green,桃園市,15-Aug
green,新竹縣,15-Aug
green,苗栗縣,15-Aug
green,彰化縣,15-Aug
green,南投縣,15-Aug
green,雲林縣,15-Aug
green,嘉義縣,15-Aug
green,屏東縣,15-Aug
green,臺東縣,15-Aug
green,花蓮縣,15-Aug
green,澎湖縣,15-Aug
green,金門縣,15-Aug
yellow,連江縣,15-Aug
green,臺北市,15-Sep
green,新北市,15-Sep
yellow,臺中市,15-Sep
yellow,臺南市,15-Sep
yellow,高雄市,15-Sep
green,基隆市,15-Sep
yellow,新竹市,15-Sep
yellow,嘉義市,15-Sep
green,宜蘭縣,15-Sep
yellow,桃園市,15-Sep
green,新竹縣,15-Sep
yellow,苗栗縣,15-Sep
yellow,彰化縣,15-Sep
yellow,南投縣,15-Sep
yellow,雲林縣,15-Sep
yellow,嘉義縣,15-Sep
yellow,屏東縣,15-Sep
green,臺東縣,15-Sep
green,花蓮縣,15-Sep
yellow,澎湖縣,15-Sep
yellow,金門縣,15-Sep
yellow,連江縣,15-Sep
yellow,臺北市,15-Oct
yellow,新北市,15-Oct
yellow,臺中市,15-Oct
yellow,臺南市,15-Oct
yellow,高雄市,15-Oct
yellow,基隆市,15-Oct
yellow,新竹市,15-Oct
yellow,嘉義市,15-Oct
green,宜蘭縣,15-Oct
yellow,桃園市,15-Oct
yellow,新竹縣,15-Oct
yellow,苗栗縣,15-Oct
yellow,彰化縣,15-Oct
yellow,南投縣,15-Oct
yellow,雲林縣,15-Oct
yellow,嘉義縣,15-Oct
yellow,屏東縣,15-Oct
green,臺東縣,15-Oct
green,花蓮縣,15-Oct
yellow,澎湖縣,15-Oct
yellow,金門縣,15-Oct
yellow,連江縣,15-Oct
green,臺北市,15-Nov
yellow,新北市,15-Nov
yellow,臺中市,15-Nov
yellow,臺南市,15-Nov
yellow,高雄市,15-Nov
green,基隆市,15-Nov
yellow,新竹市,15-Nov
yellow,嘉義市,15-Nov
green,宜蘭縣,15-Nov
yellow,桃園市,15-Nov
yellow,新竹縣,15-Nov
yellow,苗栗縣,15-Nov
yellow,彰化縣,15-Nov
yellow,南投縣,15-Nov
orange,雲林縣,15-Nov
yellow,嘉義縣,15-Nov
yellow,屏東縣,15-Nov
green,臺東縣,15-Nov
green,花蓮縣,15-Nov
yellow,澎湖縣,15-Nov
yellow,金門縣,15-Nov
yellow,連江縣,15-Nov
yellow,臺北市,15-Dec
yellow,新北市,15-Dec
yellow,臺中市,15-Dec
yellow,臺南市,15-Dec
orange,高雄市,15-Dec
yellow,基隆市,15-Dec
yellow,新竹市,15-Dec
yellow,嘉義市,15-Dec
green,宜蘭縣,15-Dec
yellow,桃園市,15-Dec
yellow,新竹縣,15-Dec
yellow,苗栗縣,15-Dec
yellow,彰化縣,15-Dec
yellow,南投縣,15-Dec
yellow,雲林縣,15-Dec
yellow,嘉義縣,15-Dec
yellow,屏東縣,15-Dec
green,臺東縣,15-Dec
green,花蓮縣,15-Dec
yellow,澎湖縣,15-Dec
yellow,金門縣,15-Dec
yellow,連江縣,15-Dec
yellow,臺北市,16-Jan
yellow,新北市,16-Jan
yellow,臺中市,16-Jan
yellow,臺南市,16-Jan
orange,高雄市,16-Jan
yellow,基隆市,16-Jan
yellow,新竹市,16-Jan
yellow,嘉義市,16-Jan
green,宜蘭縣,16-Jan
yellow,桃園市,16-Jan
yellow,新竹縣,16-Jan
yellow,苗栗縣,16-Jan
yellow,彰化縣,16-Jan
yellow,南投縣,16-Jan
yellow,雲林縣,16-Jan
yellow,嘉義縣,16-Jan
yellow,屏東縣,16-Jan
green,臺東縣,16-Jan
green,花蓮縣,16-Jan
yellow,澎湖縣,16-Jan
yellow,金門縣,16-Jan
yellow,連江縣,16-Jan
yellow,臺北市,16-Feb
yellow,新北市,16-Feb
yellow,臺中市,16-Feb
orange,臺南市,16-Feb
orange,高雄市,16-Feb
yellow,基隆市,16-Feb
yellow,新竹市,16-Feb
orange,嘉義市,16-Feb
green,宜蘭縣,16-Feb
yellow,桃園市,16-Feb
yellow,新竹縣,16-Feb
yellow,苗栗縣,16-Feb
yellow,彰化縣,16-Feb
yellow,南投縣,16-Feb
yellow,雲林縣,16-Feb
yellow,嘉義縣,16-Feb
yellow,屏東縣,16-Feb
green,臺東縣,16-Feb
yellow,花蓮縣,16-Feb
yellow,澎湖縣,16-Feb
yellow,金門縣,16-Feb
yellow,連江縣,16-Feb
yellow,臺北市,16-Mar
yellow,新北市,16-Mar
yellow,臺中市,16-Mar
orange,臺南市,16-Mar
orange,高雄市,16-Mar
yellow,基隆市,16-Mar
yellow,新竹市,16-Mar
orange,嘉義市,16-Mar
green,宜蘭縣,16-Mar
yellow,桃園市,16-Mar
yellow,新竹縣,16-Mar
yellow,苗栗縣,16-Mar
yellow,彰化縣,16-Mar
yellow,南投縣,16-Mar
orange,雲林縣,16-Mar
orange,嘉義縣,16-Mar
yellow,屏東縣,16-Mar
green,臺東縣,16-Mar
yellow,花蓮縣,16-Mar
yellow,澎湖縣,16-Mar
orange,金門縣,16-Mar
yellow,連江縣,16-Mar
yellow,臺北市,16-Apr
yellow,新北市,16-Apr
yellow,臺中市,16-Apr
yellow,臺南市,16-Apr
yellow,高雄市,16-Apr
yellow,基隆市,16-Apr
yellow,新竹市,16-Apr
yellow,嘉義市,16-Apr
yellow,宜蘭縣,16-Apr
yellow,桃園市,16-Apr
yellow,新竹縣,16-Apr
yellow,苗栗縣,16-Apr
yellow,彰化縣,16-Apr
yellow,南投縣,16-Apr
yellow,雲林縣,16-Apr
yellow,嘉義縣,16-Apr
yellow,屏東縣,16-Apr
green,臺東縣,16-Apr
yellow,花蓮縣,16-Apr
yellow,澎湖縣,16-Apr
yellow,金門縣,16-Apr
yellow,連江縣,16-Apr
yellow,臺北市,16-May
yellow,新北市,16-May
yellow,臺中市,16-May
yellow,臺南市,16-May
yellow,高雄市,16-May
green,基隆市,16-May
yellow,新竹市,16-May
yellow,嘉義市,16-May
green,宜蘭縣,16-May
yellow,桃園市,16-May
yellow,新竹縣,16-May
yellow,苗栗縣,16-May
yellow,彰化縣,16-May
yellow,南投縣,16-May
yellow,雲林縣,16-May
yellow,嘉義縣,16-May
yellow,屏東縣,16-May
green,臺東縣,16-May
green,花蓮縣,16-May
green,澎湖縣,16-May
yellow,金門縣,16-May
yellow,連江縣,16-May
green,臺北市,16-Jun
green,新北市,16-Jun
green,臺中市,16-Jun
green,臺南市,16-Jun
green,高雄市,16-Jun
green,基隆市,16-Jun
green,新竹市,16-Jun
green,嘉義市,16-Jun
green,宜蘭縣,16-Jun
green,桃園市,16-Jun
green,新竹縣,16-Jun
green,苗栗縣,16-Jun
green,彰化縣,16-Jun
green,南投縣,16-Jun
green,雲林縣,16-Jun
green,嘉義縣,16-Jun
green,屏東縣,16-Jun
green,臺東縣,16-Jun
green,花蓮縣,16-Jun
green,澎湖縣,16-Jun
green,金門縣,16-Jun
green,連江縣,16-Jun
green,臺北市,16-Jul
green,新北市,16-Jul
green,臺中市,16-Jul
green,臺南市,16-Jul
green,高雄市,16-Jul
green,基隆市,16-Jul
green,新竹市,16-Jul
green,嘉義市,16-Jul
green,宜蘭縣,16-Jul
green,桃園市,16-Jul
green,新竹縣,16-Jul
green,苗栗縣,16-Jul
yellow,彰化縣,16-Jul
green,南投縣,16-Jul
green,雲林縣,16-Jul
green,嘉義縣,16-Jul
green,屏東縣,16-Jul
green,臺東縣,16-Jul
green,花蓮縣,16-Jul
green,澎湖縣,16-Jul
green,金門縣,16-Jul
green,連江縣,16-Jul
green,臺北市,16-Aug
green,新北市,16-Aug
yellow,臺中市,16-Aug
yellow,臺南市,16-Aug
green,高雄市,16-Aug
green,基隆市,16-Aug
green,新竹市,16-Aug
yellow,嘉義市,16-Aug
green,宜蘭縣,16-Aug
yellow,桃園市,16-Aug
yellow,新竹縣,16-Aug
green,苗栗縣,16-Aug
yellow,彰化縣,16-Aug
yellow,南投縣,16-Aug
yellow,雲林縣,16-Aug
yellow,嘉義縣,16-Aug
green,屏東縣,16-Aug
green,臺東縣,16-Aug
green,花蓮縣,16-Aug
green,澎湖縣,16-Aug
yellow,金門縣,16-Aug
green,連江縣,16-Aug
green,臺北市,16-Sep
green,新北市,16-Sep
yellow,臺中市,16-Sep
yellow,臺南市,16-Sep
yellow,高雄市,16-Sep
green,基隆市,16-Sep
green,新竹市,16-Sep
yellow,嘉義市,16-Sep
green,宜蘭縣,16-Sep
green,桃園市,16-Sep
green,新竹縣,16-Sep
green,苗栗縣,16-Sep
green,彰化縣,16-Sep
yellow,南投縣,16-Sep
yellow,雲林縣,16-Sep
yellow,嘉義縣,16-Sep
green,屏東縣,16-Sep
green,臺東縣,16-Sep
green,花蓮縣,16-Sep
green,澎湖縣,16-Sep
green,金門縣,16-Sep
yellow,連江縣,16-Sep
green,臺北市,16-Oct
green,新北市,16-Oct
yellow,臺中市,16-Oct
yellow,臺南市,16-Oct
yellow,高雄市,16-Oct
green,基隆市,16-Oct
green,新竹市,16-Oct
yellow,嘉義市,16-Oct
green,宜蘭縣,16-Oct
green,桃園市,16-Oct
yellow,新竹縣,16-Oct
yellow,苗栗縣,16-Oct
yellow,彰化縣,16-Oct
yellow,南投縣,16-Oct
yellow,雲林縣,16-Oct
yellow,嘉義縣,16-Oct
yellow,屏東縣,16-Oct
green,臺東縣,16-Oct
green,花蓮縣,16-Oct
green,澎湖縣,16-Oct
green,金門縣,16-Oct
green,連江縣,16-Oct
green,臺北市,16-Nov
green,新北市,16-Nov
yellow,臺中市,16-Nov
yellow,臺南市,16-Nov
orange,高雄市,16-Nov
green,基隆市,16-Nov
yellow,新竹市,16-Nov
yellow,嘉義市,16-Nov
green,宜蘭縣,16-Nov
yellow,桃園市,16-Nov
yellow,新竹縣,16-Nov
yellow,苗栗縣,16-Nov
yellow,彰化縣,16-Nov
yellow,南投縣,16-Nov
yellow,雲林縣,16-Nov
yellow,嘉義縣,16-Nov
yellow,屏東縣,16-Nov
green,臺東縣,16-Nov
green,花蓮縣,16-Nov
yellow,澎湖縣,16-Nov
yellow,金門縣,16-Nov
yellow,連江縣,16-Nov
green,臺北市,16-Dec
yellow,新北市,16-Dec
yellow,臺中市,16-Dec
orange,臺南市,16-Dec
orange,高雄市,16-Dec
green,基隆市,16-Dec
yellow,新竹市,16-Dec
orange,嘉義市,16-Dec
green,宜蘭縣,16-Dec
yellow,桃園市,16-Dec
yellow,新竹縣,16-Dec
yellow,苗栗縣,16-Dec
yellow,彰化縣,16-Dec
yellow,南投縣,16-Dec
yellow,雲林縣,16-Dec
yellow,嘉義縣,16-Dec
yellow,屏東縣,16-Dec
green,臺東縣,16-Dec
green,花蓮縣,16-Dec
yellow,澎湖縣,16-Dec
yellow,金門縣,16-Dec
yellow,連江縣,16-Dec
yellow,臺北市,17-Jan
yellow,新北市,17-Jan
yellow,臺中市,17-Jan
yellow,臺南市,17-Jan
orange,高雄市,17-Jan
yellow,基隆市,17-Jan
yellow,新竹市,17-Jan
orange,嘉義市,17-Jan
green,宜蘭縣,17-Jan
yellow,桃園市,17-Jan
yellow,新竹縣,17-Jan
yellow,苗栗縣,17-Jan
yellow,彰化縣,17-Jan
orange,南投縣,17-Jan
yellow,雲林縣,17-Jan
yellow,嘉義縣,17-Jan
yellow,屏東縣,17-Jan
green,臺東縣,17-Jan
green,花蓮縣,17-Jan
yellow,澎湖縣,17-Jan
orange,金門縣,17-Jan
yellow,連江縣,17-Jan
yellow,臺北市,17-Feb
yellow,新北市,17-Feb
yellow,臺中市,17-Feb
orange,臺南市,17-Feb
orange,高雄市,17-Feb
yellow,基隆市,17-Feb
yellow,新竹市,17-Feb
orange,嘉義市,17-Feb
green,宜蘭縣,17-Feb
yellow,桃園市,17-Feb
yellow,新竹縣,17-Feb
yellow,苗栗縣,17-Feb
yellow,彰化縣,17-Feb
orange,南投縣,17-Feb
yellow,雲林縣,17-Feb
yellow,嘉義縣,17-Feb
yellow,屏東縣,17-Feb
green,臺東縣,17-Feb
green,花蓮縣,17-Feb
yellow,澎湖縣,17-Feb
yellow,金門縣,17-Feb
yellow,連江縣,17-Feb
yellow,臺北市,17-Mar
yellow,新北市,17-Mar
yellow,臺中市,17-Mar
orange,臺南市,17-Mar
orange,高雄市,17-Mar
yellow,基隆市,17-Mar
yellow,新竹市,17-Mar
orange,嘉義市,17-Mar
green,宜蘭縣,17-Mar
yellow,桃園市,17-Mar
yellow,新竹縣,17-Mar
yellow,苗栗縣,17-Mar
yellow,彰化縣,17-Mar
orange,南投縣,17-Mar
orange,雲林縣,17-Mar
yellow,嘉義縣,17-Mar
yellow,屏東縣,17-Mar
green,臺東縣,17-Mar
green,花蓮縣,17-Mar
yellow,澎湖縣,17-Mar
orange,金門縣,17-Mar
yellow,連江縣,17-Mar
yellow,臺北市,17-Apr
yellow,新北市,17-Apr
yellow,臺中市,17-Apr
yellow,臺南市,17-Apr
yellow,高雄市,17-Apr
yellow,基隆市,17-Apr
yellow,新竹市,17-Apr
yellow,嘉義市,17-Apr
yellow,宜蘭縣,17-Apr
yellow,桃園市,17-Apr
yellow,新竹縣,17-Apr
yellow,苗栗縣,17-Apr
yellow,彰化縣,17-Apr
yellow,南投縣,17-Apr
yellow,雲林縣,17-Apr
yellow,嘉義縣,17-Apr
yellow,屏東縣,17-Apr
green,臺東縣,17-Apr
yellow,花蓮縣,17-Apr
yellow,澎湖縣,17-Apr
yellow,金門縣,17-Apr
yellow,連江縣,17-Apr
yellow,臺北市,17-May
yellow,新北市,17-May
yellow,臺中市,17-May
yellow,臺南市,17-May
yellow,高雄市,17-May
green,基隆市,17-May
green,新竹市,17-May
yellow,嘉義市,17-May
green,宜蘭縣,17-May
yellow,桃園市,17-May
yellow,新竹縣,17-May
yellow,苗栗縣,17-May
yellow,彰化縣,17-May
yellow,南投縣,17-May
yellow,雲林縣,17-May
yellow,嘉義縣,17-May
yellow,屏東縣,17-May
green,臺東縣,17-May
green,花蓮縣,17-May
green,澎湖縣,17-May
yellow,金門縣,17-May
yellow,連江縣,17-May
green,臺北市,17-Jun
green,新北市,17-Jun
green,臺中市,17-Jun
green,臺南市,17-Jun
green,高雄市,17-Jun
green,基隆市,17-Jun
green,新竹市,17-Jun
green,嘉義市,17-Jun
green,宜蘭縣,17-Jun
green,桃園市,17-Jun
green,新竹縣,17-Jun
green,苗栗縣,17-Jun
green,彰化縣,17-Jun
green,南投縣,17-Jun
green,雲林縣,17-Jun
green,嘉義縣,17-Jun
green,屏東縣,17-Jun
green,臺東縣,17-Jun
green,花蓮縣,17-Jun
green,澎湖縣,17-Jun
yellow,金門縣,17-Jun
green,連江縣,17-Jun
green,臺北市,17-Jul
green,新北市,17-Jul
green,臺中市,17-Jul
green,臺南市,17-Jul
green,高雄市,17-Jul
green,基隆市,17-Jul
green,新竹市,17-Jul
green,嘉義市,17-Jul
green,宜蘭縣,17-Jul
green,桃園市,17-Jul
green,新竹縣,17-Jul
green,苗栗縣,17-Jul
green,彰化縣,17-Jul
green,南投縣,17-Jul
yellow,雲林縣,17-Jul
green,嘉義縣,17-Jul
green,屏東縣,17-Jul
green,臺東縣,17-Jul
green,花蓮縣,17-Jul
green,澎湖縣,17-Jul
green,金門縣,17-Jul
green,連江縣,17-Jul
green,臺北市,17-Aug
green,新北市,17-Aug
yellow,臺中市,17-Aug
green,臺南市,17-Aug
green,高雄市,17-Aug
green,基隆市,17-Aug
green,新竹市,17-Aug
green,嘉義市,17-Aug
green,宜蘭縣,17-Aug
green,桃園市,17-Aug
green,新竹縣,17-Aug
green,苗栗縣,17-Aug
yellow,彰化縣,17-Aug
yellow,南投縣,17-Aug
yellow,雲林縣,17-Aug
green,嘉義縣,17-Aug
green,屏東縣,17-Aug
green,臺東縣,17-Aug
green,花蓮縣,17-Aug
green,澎湖縣,17-Aug
green,金門縣,17-Aug
green,連江縣,17-Aug
yellow,臺北市,17-Sep
yellow,新北市,17-Sep
yellow,臺中市,17-Sep
yellow,臺南市,17-Sep
yellow,高雄市,17-Sep
yellow,基隆市,17-Sep
yellow,新竹市,17-Sep
yellow,嘉義市,17-Sep
green,宜蘭縣,17-Sep
yellow,桃園市,17-Sep
yellow,新竹縣,17-Sep
yellow,苗栗縣,17-Sep
yellow,彰化縣,17-Sep
yellow,南投縣,17-Sep
yellow,雲林縣,17-Sep
yellow,嘉義縣,17-Sep
yellow,屏東縣,17-Sep
green,臺東縣,17-Sep
green,花蓮縣,17-Sep
green,澎湖縣,17-Sep
yellow,金門縣,17-Sep
yellow,連江縣,17-Sep
green,臺北市,17-Oct
green,新北市,17-Oct
yellow,臺中市,17-Oct
yellow,臺南市,17-Oct
yellow,高雄市,17-Oct
green,基隆市,17-Oct
yellow,新竹市,17-Oct
yellow,嘉義市,17-Oct
green,宜蘭縣,17-Oct
green,桃園市,17-Oct
yellow,新竹縣,17-Oct
yellow,苗栗縣,17-Oct
yellow,彰化縣,17-Oct
yellow,南投縣,17-Oct
yellow,雲林縣,17-Oct
yellow,嘉義縣,17-Oct
yellow,屏東縣,17-Oct
green,臺東縣,17-Oct
green,花蓮縣,17-Oct
yellow,澎湖縣,17-Oct
yellow,金門縣,17-Oct
yellow,連江縣,17-Oct
green,臺北市,17-Nov
green,新北市,17-Nov
yellow,臺中市,17-Nov
yellow,臺南市,17-Nov
orange,高雄市,17-Nov
green,基隆市,17-Nov
green,新竹市,17-Nov
yellow,嘉義市,17-Nov
green,宜蘭縣,17-Nov
green,桃園市,17-Nov
green,新竹縣,17-Nov
yellow,苗栗縣,17-Nov
yellow,彰化縣,17-Nov
yellow,南投縣,17-Nov
yellow,雲林縣,17-Nov
yellow,嘉義縣,17-Nov
yellow,屏東縣,17-Nov
green,臺東縣,17-Nov
green,花蓮縣,17-Nov
green,澎湖縣,17-Nov
yellow,金門縣,17-Nov
yellow,連江縣,17-Nov
green,臺北市,17-Dec
yellow,新北市,17-Dec
yellow,臺中市,17-Dec
yellow,臺南市,17-Dec
orange,高雄市,17-Dec
green,基隆市,17-Dec
yellow,新竹市,17-Dec
yellow,嘉義市,17-Dec
green,宜蘭縣,17-Dec
yellow,桃園市,17-Dec
yellow,新竹縣,17-Dec
yellow,苗栗縣,17-Dec
yellow,彰化縣,17-Dec
yellow,南投縣,17-Dec
yellow,雲林縣,17-Dec
yellow,嘉義縣,17-Dec
yellow,屏東縣,17-Dec
green,臺東縣,17-Dec
green,花蓮縣,17-Dec
yellow,澎湖縣,17-Dec
orange,金門縣,17-Dec
yellow,連江縣,17-Dec
