63.95,臺北市,5-Jan
61.4,新北市,5-Jan
93.64,臺中市,5-Jan
129.78,臺南市,5-Jan
138.81,高雄市,5-Jan
76.85,基隆市,5-Jan
45.37,新竹市,5-Jan
152.79,嘉義市,5-Jan
56.64,宜蘭縣,5-Jan
51.31,桃園市,5-Jan
45.37,新竹縣,5-Jan
54.97,苗栗縣,5-Jan
58.23,彰化縣,5-Jan
97.48,南投縣,5-Jan
105.07,雲林縣,5-Jan
69.2,嘉義縣,5-Jan
117.37,屏東縣,5-Jan
54.69,臺東縣,5-Jan
71.93,花蓮縣,5-Jan
86.7,澎湖縣,5-Jan
143.78,金門縣,5-Jan
120.44,連江縣,5-Jan
52.98,臺北市,5-Feb
61.72,新北市,5-Feb
89.97,臺中市,5-Feb
127.23,臺南市,5-Feb
143.14,高雄市,5-Feb
69.47,基隆市,5-Feb
41.67,新竹市,5-Feb
152.79,嘉義市,5-Feb
43.7,宜蘭縣,5-Feb
45.48,桃園市,5-Feb
44.91,新竹縣,5-Feb
43.83,苗栗縣,5-Feb
50.06,彰化縣,5-Feb
96.54,南投縣,5-Feb
109.33,雲林縣,5-Feb
76.19,嘉義縣,5-Feb
114.52,屏東縣,5-Feb
45.45,臺東縣,5-Feb
52.23,花蓮縣,5-Feb
69.47,澎湖縣,5-Feb
99.02,金門縣,5-Feb
71.93,連江縣,5-Feb
72.26,臺北市,5-Mar
83.72,新北市,5-Mar
105.34,臺中市,5-Mar
131.45,臺南市,5-Mar
140.75,高雄市,5-Mar
94.09,基隆市,5-Mar
71.3,新竹市,5-Mar
153.81,嘉義市,5-Mar
62.2,宜蘭縣,5-Mar
69.55,桃園市,5-Mar
62.2,新竹縣,5-Mar
60.57,苗栗縣,5-Mar
69.9,彰化縣,5-Mar
101.0,南投縣,5-Mar
136.83,雲林縣,5-Mar
154.07,嘉義縣,5-Mar
116.83,屏東縣,5-Mar
62.08,臺東縣,5-Mar
67.01,花蓮縣,5-Mar
84.24,澎湖縣,5-Mar
138.59,金門縣,5-Mar
112.67,連江縣,5-Mar
74.66,臺北市,5-Apr
82.99,新北市,5-Apr
82.72,臺中市,5-Apr
119.0,臺南市,5-Apr
125.93,高雄市,5-Apr
96.55,基隆市,5-Apr
65.7,新竹市,5-Apr
157.39,嘉義市,5-Apr
66.74,宜蘭縣,5-Apr
70.72,桃園市,5-Apr
64.3,新竹縣,5-Apr
64.3,苗栗縣,5-Apr
70.6,彰化縣,5-Apr
110.81,南投縣,5-Apr
130.01,雲林縣,5-Apr
143.78,嘉義縣,5-Apr
110.43,屏東縣,5-Apr
59.62,臺東縣,5-Apr
74.39,花蓮縣,5-Apr
86.7,澎湖縣,5-Apr
133.41,金門縣,5-Apr
102.3,連江縣,5-Apr
68.96,臺北市,5-May
54.13,新北市,5-May
68.63,臺中市,5-May
60.21,臺南市,5-May
64.55,高雄市,5-May
64.54,基隆市,5-May
33.33,新竹市,5-May
84.24,嘉義市,5-May
37.08,宜蘭縣,5-May
62.54,桃園市,5-May
33.8,新竹縣,5-May
35.19,苗栗縣,5-May
53.7,彰化縣,5-May
73.57,南投縣,5-May
65.57,雲林縣,5-May
71.93,嘉義縣,5-May
62.72,屏東縣,5-May
35.71,臺東縣,5-May
48.7,花蓮縣,5-May
45.45,澎湖縣,5-May
79.32,金門縣,5-May
69.47,連江縣,5-May
69.25,臺北市,5-Jun
72.69,新北市,5-Jun
73.9,臺中市,5-Jun
60.23,臺南市,5-Jun
63.68,高雄市,5-Jun
69.47,基隆市,5-Jun
30.56,新竹市,5-Jun
67.01,嘉義市,5-Jun
46.63,宜蘭縣,5-Jun
74.39,桃園市,5-Jun
32.41,新竹縣,5-Jun
33.21,苗栗縣,5-Jun
63.58,彰化縣,5-Jun
63.72,南投縣,5-Jun
57.4,雲林縣,5-Jun
69.47,嘉義縣,5-Jun
52.68,屏東縣,5-Jun
32.47,臺東縣,5-Jun
54.69,花蓮縣,5-Jun
33.33,澎湖縣,5-Jun
57.16,金門縣,5-Jun
45.45,連江縣,5-Jun
92.47,臺北市,5-Jul
93.89,新北市,5-Jul
101.14,臺中市,5-Jul
74.39,臺南市,5-Jul
79.51,高雄市,5-Jul
86.7,基隆市,5-Jul
76.85,新竹市,5-Jul
94.09,嘉義市,5-Jul
60.85,宜蘭縣,5-Jul
93.63,桃園市,5-Jul
76.85,新竹縣,5-Jul
75.21,苗栗縣,5-Jul
89.17,彰化縣,5-Jul
101.15,南投縣,5-Jul
82.6,雲林縣,5-Jul
89.17,嘉義縣,5-Jul
64.08,屏東縣,5-Jul
42.21,臺東縣,5-Jul
52.23,花蓮縣,5-Jul
52.23,澎湖縣,5-Jul
59.62,金門縣,5-Jul
45.45,連江縣,5-Jul
66.58,臺北市,5-Aug
76.82,新北市,5-Aug
89.66,臺中市,5-Aug
82.39,臺南市,5-Aug
86.98,高雄市,5-Aug
67.01,基隆市,5-Aug
71.93,新竹市,5-Aug
91.63,嘉義市,5-Aug
47.08,宜蘭縣,5-Aug
80.96,桃園市,5-Aug
74.39,新竹縣,5-Aug
74.39,苗栗縣,5-Aug
88.35,彰化縣,5-Aug
74.39,南投縣,5-Aug
82.6,雲林縣,5-Aug
86.7,嘉義縣,5-Aug
75.42,屏東縣,5-Aug
23.41,臺東縣,5-Aug
48.7,花蓮縣,5-Aug
62.08,澎湖縣,5-Aug
79.32,金門縣,5-Aug
62.08,連江縣,5-Aug
53.48,臺北市,5-Sep
60.28,新北市,5-Sep
137.7,臺中市,5-Sep
120.44,臺南市,5-Sep
124.72,高雄市,5-Sep
59.62,基隆市,5-Sep
94.09,新竹市,5-Sep
130.81,嘉義市,5-Sep
50.47,宜蘭縣,5-Sep
82.6,桃園市,5-Sep
87.93,新竹縣,5-Sep
102.93,苗栗縣,5-Sep
141.43,彰化縣,5-Sep
120.44,南投縣,5-Sep
129.09,雲林縣,5-Sep
133.41,嘉義縣,5-Sep
102.58,屏東縣,5-Sep
37.31,臺東縣,5-Sep
52.23,花蓮縣,5-Sep
76.85,澎湖縣,5-Sep
110.07,金門縣,5-Sep
79.32,連江縣,5-Sep
57.98,臺北市,5-Oct
61.61,新北市,5-Oct
96.79,臺中市,5-Oct
124.33,臺南市,5-Oct
145.73,高雄市,5-Oct
59.62,基隆市,5-Oct
71.93,新竹市,5-Oct
136.0,嘉義市,5-Oct
54.69,宜蘭縣,5-Oct
70.7,桃園市,5-Oct
68.24,新竹縣,5-Oct
71.11,苗栗縣,5-Oct
98.64,彰化縣,5-Oct
111.57,南投縣,5-Oct
101.36,雲林縣,5-Oct
107.48,嘉義縣,5-Oct
115.22,屏東縣,5-Oct
34.76,臺東縣,5-Oct
45.45,花蓮縣,5-Oct
57.16,澎湖縣,5-Oct
120.44,金門縣,5-Oct
99.02,連江縣,5-Oct
92.44,臺北市,5-Nov
102.58,新北市,5-Nov
143.79,臺中市,5-Nov
151.83,臺南市,5-Nov
156.68,高雄市,5-Nov
94.09,基隆市,5-Nov
123.04,新竹市,5-Nov
151.26,嘉義市,5-Nov
78.09,宜蘭縣,5-Nov
116.56,桃園市,5-Nov
112.67,新竹縣,5-Nov
111.8,苗栗縣,5-Nov
142.97,彰化縣,5-Nov
142.11,南投縣,5-Nov
142.09,雲林縣,5-Nov
146.22,嘉義縣,5-Nov
117.97,屏東縣,5-Nov
40.47,臺東縣,5-Nov
67.01,花蓮縣,5-Nov
89.17,澎湖縣,5-Nov
152.79,金門縣,5-Nov
138.59,連江縣,5-Nov
79.69,臺北市,5-Dec
86.61,新北市,5-Dec
113.62,臺中市,5-Dec
143.18,臺南市,5-Dec
162.07,高雄市,5-Dec
74.39,基隆市,5-Dec
102.3,新竹市,5-Dec
154.32,嘉義市,5-Dec
69.47,宜蘭縣,5-Dec
92.04,桃園市,5-Dec
86.7,新竹縣,5-Dec
93.27,苗栗縣,5-Dec
116.99,彰化縣,5-Dec
150.13,南投縣,5-Dec
130.01,雲林縣,5-Dec
126.93,嘉義縣,5-Dec
125.25,屏東縣,5-Dec
58.39,臺東縣,5-Dec
69.47,花蓮縣,5-Dec
74.39,澎湖縣,5-Dec
148.96,金門縣,5-Dec
107.48,連江縣,5-Dec
82.67,臺北市,6-Jan
88.62,新北市,6-Jan
117.22,臺中市,6-Jan
143.11,臺南市,6-Jan
161.49,高雄市,6-Jan
76.85,基隆市,6-Jan
112.67,新竹市,6-Jan
148.96,嘉義市,6-Jan
60.85,宜蘭縣,6-Jan
99.1,桃園市,6-Jan
99.42,新竹縣,6-Jan
105.7,苗栗縣,6-Jan
112.67,彰化縣,6-Jan
137.79,南投縣,6-Jan
117.62,雲林縣,6-Jan
124.33,嘉義縣,6-Jan
117.33,屏東縣,6-Jan
34.09,臺東縣,6-Jan
59.62,花蓮縣,6-Jan
91.63,澎湖縣,6-Jan
128.22,金門縣,6-Jan
104.89,連江縣,6-Jan
56.66,臺北市,6-Feb
80.3,新北市,6-Feb
108.95,臺中市,6-Feb
123.69,臺南市,6-Feb
153.04,高雄市,6-Feb
76.85,基隆市,6-Feb
96.55,新竹市,6-Feb
146.37,嘉義市,6-Feb
60.85,宜蘭縣,6-Feb
83.83,桃園市,6-Feb
87.93,新竹縣,6-Feb
91.9,苗栗縣,6-Feb
114.4,彰化縣,6-Feb
136.75,南投縣,6-Feb
132.54,雲林縣,6-Feb
126.93,嘉義縣,6-Feb
116.74,屏東縣,6-Feb
35.71,臺東縣,6-Feb
62.08,花蓮縣,6-Feb
74.39,澎湖縣,6-Feb
133.41,金門縣,6-Feb
91.63,連江縣,6-Feb
83.42,臺北市,6-Mar
102.0,新北市,6-Mar
126.15,臺中市,6-Mar
140.54,臺南市,6-Mar
152.31,高雄市,6-Mar
89.17,基隆市,6-Mar
123.04,新竹市,6-Mar
153.81,嘉義市,6-Mar
79.32,宜蘭縣,6-Mar
103.9,桃園市,6-Mar
111.37,新竹縣,6-Mar
121.31,苗栗縣,6-Mar
134.27,彰化縣,6-Mar
142.45,南投縣,6-Mar
139.36,雲林縣,6-Mar
144.14,嘉義縣,6-Mar
119.81,屏東縣,6-Mar
58.39,臺東縣,6-Mar
76.85,花蓮縣,6-Mar
89.17,澎湖縣,6-Mar
156.88,金門縣,6-Mar
107.48,連江縣,6-Mar
80.96,臺北市,6-Apr
94.87,新北市,6-Apr
98.38,臺中市,6-Apr
101.51,臺南市,6-Apr
104.73,高雄市,6-Apr
91.63,基隆市,6-Apr
104.89,新竹市,6-Apr
102.3,嘉義市,6-Apr
74.39,宜蘭縣,6-Apr
94.82,桃園市,6-Apr
99.49,新竹縣,6-Apr
94.36,苗栗縣,6-Apr
104.75,彰化縣,6-Apr
101.55,南投縣,6-Apr
104.89,雲林縣,6-Apr
104.89,嘉義縣,6-Apr
75.98,屏東縣,6-Apr
47.22,臺東縣,6-Apr
74.39,花蓮縣,6-Apr
86.7,澎湖縣,6-Apr
151.77,金門縣,6-Apr
107.48,連江縣,6-Apr
74.62,臺北市,6-May
75.81,新北市,6-May
76.1,臺中市,6-May
80.23,臺南市,6-May
81.58,高雄市,6-May
35.19,基隆市,6-May
79.32,新竹市,6-May
55.9,嘉義市,6-May
62.08,宜蘭縣,6-May
82.6,桃園市,6-May
61.72,新竹縣,6-May
68.65,苗栗縣,6-May
88.35,彰化縣,6-May
74.39,南投縣,6-May
74.91,雲林縣,6-May
55.2,嘉義縣,6-May
68.03,屏東縣,6-May
42.21,臺東縣,6-May
69.47,花蓮縣,6-May
59.62,澎湖縣,6-May
104.89,金門縣,6-May
86.7,連江縣,6-May
79.42,臺北市,6-Jun
75.71,新北市,6-Jun
58.42,臺中市,6-Jun
60.85,臺南市,6-Jun
60.36,高雄市,6-Jun
32.41,基隆市,6-Jun
57.16,新竹市,6-Jun
64.54,嘉義市,6-Jun
57.16,宜蘭縣,6-Jun
77.26,桃園市,6-Jun
64.54,新竹縣,6-Jun
42.21,苗栗縣,6-Jun
65.36,彰化縣,6-Jun
46.63,南投縣,6-Jun
49.91,雲林縣,6-Jun
65.77,嘉義縣,6-Jun
47.32,屏東縣,6-Jun
26.65,臺東縣,6-Jun
59.62,花蓮縣,6-Jun
24.17,澎湖縣,6-Jun
57.16,金門縣,6-Jun
54.69,連江縣,6-Jun
61.71,臺北市,6-Jul
60.92,新北市,6-Jul
65.04,臺中市,6-Jul
70.7,臺南市,6-Jul
62.9,高雄市,6-Jul
54.69,基隆市,6-Jul
52.23,新竹市,6-Jul
37.04,嘉義市,6-Jul
40.58,宜蘭縣,6-Jul
66.59,桃園市,6-Jul
49.1,新竹縣,6-Jul
49.71,苗栗縣,6-Jul
66.18,彰化縣,6-Jul
62.9,南投縣,6-Jul
64.75,雲林縣,6-Jul
54.03,嘉義縣,6-Jul
54.41,屏東縣,6-Jul
29.63,臺東縣,6-Jul
48.7,花蓮縣,6-Jul
26.85,澎湖縣,6-Jul
52.23,金門縣,6-Jul
48.7,連江縣,6-Jul
77.26,臺北市,6-Aug
74.71,新北市,6-Aug
88.67,臺中市,6-Aug
84.86,臺南市,6-Aug
76.08,高雄市,6-Aug
62.08,基隆市,6-Aug
84.24,新竹市,6-Aug
89.17,嘉義市,6-Aug
53.46,宜蘭縣,6-Aug
88.07,桃園市,6-Aug
67.89,新竹縣,6-Aug
88.35,苗栗縣,6-Aug
74.15,彰化縣,6-Aug
92.45,南投縣,6-Aug
78.5,雲林縣,6-Aug
87.93,嘉義縣,6-Aug
68.85,屏東縣,6-Aug
38.96,臺東縣,6-Aug
62.08,花蓮縣,6-Aug
57.16,澎湖縣,6-Aug
89.17,金門縣,6-Aug
59.62,連江縣,6-Aug
79.73,臺北市,6-Sep
74.25,新北市,6-Sep
94.5,臺中市,6-Sep
97.25,臺南市,6-Sep
113.25,高雄市,6-Sep
74.39,基隆市,6-Sep
79.32,新竹市,6-Sep
115.26,嘉義市,6-Sep
58.39,宜蘭縣,6-Sep
76.85,桃園市,6-Sep
73.16,新竹縣,6-Sep
76.85,苗栗縣,6-Sep
96.83,彰化縣,6-Sep
100.11,南投縣,6-Sep
93.59,雲林縣,6-Sep
71.89,嘉義縣,6-Sep
87.97,屏東縣,6-Sep
45.45,臺東縣,6-Sep
69.47,花蓮縣,6-Sep
74.39,澎湖縣,6-Sep
117.85,金門縣,6-Sep
86.7,連江縣,6-Sep
85.87,臺北市,6-Oct
85.49,新北市,6-Oct
117.93,臺中市,6-Oct
150.27,臺南市,6-Oct
149.87,高雄市,6-Oct
0.0,基隆市,6-Oct
91.63,新竹市,6-Oct
153.81,嘉義市,6-Oct
75.62,宜蘭縣,6-Oct
94.5,桃園市,6-Oct
95.8,新竹縣,6-Oct
105.52,苗栗縣,6-Oct
138.83,彰化縣,6-Oct
156.19,南投縣,6-Oct
132.61,雲林縣,6-Oct
151.77,嘉義縣,6-Oct
119.15,屏東縣,6-Oct
65.77,臺東縣,6-Oct
81.78,花蓮縣,6-Oct
91.63,澎湖縣,6-Oct
146.37,金門縣,6-Oct
117.85,連江縣,6-Oct
82.74,臺北市,6-Nov
87.03,新北市,6-Nov
112.53,臺中市,6-Nov
136.17,臺南市,6-Nov
148.7,高雄市,6-Nov
76.85,基隆市,6-Nov
102.3,新竹市,6-Nov
141.19,嘉義市,6-Nov
73.16,宜蘭縣,6-Nov
93.82,桃園市,6-Nov
100.92,新竹縣,6-Nov
96.83,苗栗縣,6-Nov
123.04,彰化縣,6-Nov
120.44,南投縣,6-Nov
107.15,雲林縣,6-Nov
126.93,嘉義縣,6-Nov
117.4,屏東縣,6-Nov
59.62,臺東縣,6-Nov
71.93,花蓮縣,6-Nov
76.85,澎湖縣,6-Nov
154.83,金門縣,6-Nov
125.63,連江縣,6-Nov
60.81,臺北市,6-Dec
66.78,新北市,6-Dec
98.54,臺中市,6-Dec
139.03,臺南市,6-Dec
154.87,高雄市,6-Dec
62.08,基隆市,6-Dec
81.78,新竹市,6-Dec
151.26,嘉義市,6-Dec
55.92,宜蘭縣,6-Dec
73.57,桃園市,6-Dec
71.93,新竹縣,6-Dec
79.32,苗栗縣,6-Dec
103.1,彰化縣,6-Dec
128.22,南投縣,6-Dec
98.99,雲林縣,6-Dec
90.93,嘉義縣,6-Dec
116.61,屏東縣,6-Dec
45.45,臺東縣,6-Dec
57.16,花蓮縣,6-Dec
74.39,澎湖縣,6-Dec
128.22,金門縣,6-Dec
102.3,連江縣,6-Dec
82.43,臺北市,7-Jan
84.59,新北市,7-Jan
109.44,臺中市,7-Jan
127.25,臺南市,7-Jan
151.4,高雄市,7-Jan
79.32,基隆市,7-Jan
104.89,新竹市,7-Jan
151.77,嘉義市,7-Jan
69.47,宜蘭縣,7-Jan
89.17,桃園市,7-Jan
87.93,新竹縣,7-Jan
93.27,苗栗縣,7-Jan
116.12,彰化縣,7-Jan
132.54,南投縣,7-Jan
114.25,雲林縣,7-Jan
107.99,嘉義縣,7-Jan
120.48,屏東縣,7-Jan
54.69,臺東縣,7-Jan
67.01,花蓮縣,7-Jan
107.48,澎湖縣,7-Jan
148.96,金門縣,7-Jan
120.44,連江縣,7-Jan
78.41,臺北市,7-Feb
103.88,新北市,7-Feb
105.61,臺中市,7-Feb
149.12,臺南市,7-Feb
141.11,高雄市,7-Feb
91.63,基隆市,7-Feb
62.9,新竹市,7-Feb
81.8,嘉義市,7-Feb
76.85,宜蘭縣,7-Feb
126.06,桃園市,7-Feb
121.74,新竹縣,7-Feb
114.4,苗栗縣,7-Feb
140.32,彰化縣,7-Feb
145.92,南投縣,7-Feb
133.64,雲林縣,7-Feb
152.28,嘉義縣,7-Feb
121.7,屏東縣,7-Feb
64.54,臺東縣,7-Feb
76.85,花蓮縣,7-Feb
86.7,澎湖縣,7-Feb
156.88,金門縣,7-Feb
120.44,連江縣,7-Feb
91.26,臺北市,7-Mar
70.11,新北市,7-Mar
108.38,臺中市,7-Mar
95.31,臺南市,7-Mar
117.49,高雄市,7-Mar
81.78,基隆市,7-Mar
104.89,新竹市,7-Mar
138.59,嘉義市,7-Mar
56.49,宜蘭縣,7-Mar
93.04,桃園市,7-Mar
87.93,新竹縣,7-Mar
61.44,苗栗縣,7-Mar
53.16,彰化縣,7-Mar
101.26,南投縣,7-Mar
82.72,雲林縣,7-Mar
113.96,嘉義縣,7-Mar
79.19,屏東縣,7-Mar
33.33,臺東縣,7-Mar
67.01,花蓮縣,7-Mar
48.06,澎湖縣,7-Mar
72.7,金門縣,7-Mar
52.4,連江縣,7-Mar
104.92,臺北市,7-Apr
94.64,新北市,7-Apr
112.01,臺中市,7-Apr
90.87,臺南市,7-Apr
105.81,高雄市,7-Apr
91.63,基隆市,7-Apr
110.07,新竹市,7-Apr
130.81,嘉義市,7-Apr
61.27,宜蘭縣,7-Apr
61.85,桃園市,7-Apr
79.57,新竹縣,7-Apr
77.85,苗栗縣,7-Apr
121.31,彰化縣,7-Apr
77.98,南投縣,7-Apr
80.78,雲林縣,7-Apr
112.39,嘉義縣,7-Apr
73.8,屏東縣,7-Apr
54.69,臺東縣,7-Apr
37.04,花蓮縣,7-Apr
84.24,澎湖縣,7-Apr
151.26,金門縣,7-Apr
112.67,連江縣,7-Apr
109.63,臺北市,7-May
101.6,新北市,7-May
91.2,臺中市,7-May
101.89,臺南市,7-May
90.86,高雄市,7-May
89.17,基隆市,7-May
115.26,新竹市,7-May
123.04,嘉義市,7-May
94.7,宜蘭縣,7-May
102.75,桃園市,7-May
98.19,新竹縣,7-May
94.91,苗栗縣,7-May
129.09,彰化縣,7-May
103.8,南投縣,7-May
114.4,雲林縣,7-May
64.3,嘉義縣,7-May
91.57,屏東縣,7-May
57.16,臺東縣,7-May
74.39,花蓮縣,7-May
79.32,澎湖縣,7-May
141.19,金門縣,7-May
64.3,連江縣,7-May
68.21,臺北市,7-Jun
67.59,新北市,7-Jun
57.61,臺中市,7-Jun
60.85,臺南市,7-Jun
61.66,高雄市,7-Jun
57.16,基隆市,7-Jun
52.23,新竹市,7-Jun
64.54,嘉義市,7-Jun
40.58,宜蘭縣,7-Jun
64.36,桃園市,7-Jun
51.31,新竹縣,7-Jun
35.71,苗栗縣,7-Jun
62.08,彰化縣,7-Jun
45.45,南投縣,7-Jun
56.8,雲林縣,7-Jun
63.31,嘉義縣,7-Jun
48.04,屏東縣,7-Jun
29.22,臺東縣,7-Jun
45.45,花蓮縣,7-Jun
26.11,澎湖縣,7-Jun
54.69,金門縣,7-Jun
42.22,連江縣,7-Jun
82.6,臺北市,7-Jul
77.85,新北市,7-Jul
67.5,臺中市,7-Jul
58.9,臺南市,7-Jul
64.34,高雄市,7-Jul
67.01,基隆市,7-Jul
64.54,新竹市,7-Jul
69.47,嘉義市,7-Jul
57.16,宜蘭縣,7-Jul
73.98,桃園市,7-Jul
68.24,新竹縣,7-Jul
57.98,苗栗縣,7-Jul
71.11,彰化縣,7-Jul
59.62,南投縣,7-Jul
62.9,雲林縣,7-Jul
64.54,嘉義縣,7-Jul
47.56,屏東縣,7-Jul
38.96,臺東縣,7-Jul
62.08,花蓮縣,7-Jul
38.96,澎湖縣,7-Jul
69.47,金門縣,7-Jul
48.7,連江縣,7-Jul
62.05,臺北市,7-Aug
57.04,新北市,7-Aug
66.02,臺中市,7-Aug
68.85,臺南市,7-Aug
73.98,高雄市,7-Aug
48.7,基隆市,7-Aug
59.62,新竹市,7-Aug
69.47,嘉義市,7-Aug
35.71,宜蘭縣,7-Aug
64.36,桃園市,7-Aug
60.85,新竹縣,7-Aug
48.8,苗栗縣,7-Aug
67.01,彰化縣,7-Aug
53.52,南投縣,7-Aug
60.44,雲林縣,7-Aug
64.54,嘉義縣,7-Aug
53.03,屏東縣,7-Aug
27.6,臺東縣,7-Aug
52.23,花蓮縣,7-Aug
38.96,澎湖縣,7-Aug
57.16,金門縣,7-Aug
36.11,連江縣,7-Aug
77.26,臺北市,7-Sep
72.38,新北市,7-Sep
113.19,臺中市,7-Sep
117.85,臺南市,7-Sep
116.24,高雄市,7-Sep
69.47,基隆市,7-Sep
94.09,新竹市,7-Sep
117.85,嘉義市,7-Sep
62.08,宜蘭縣,7-Sep
80.55,桃園市,7-Sep
85.47,新竹縣,7-Sep
92.72,苗栗縣,7-Sep
121.31,彰化縣,7-Sep
93.27,南投縣,7-Sep
108.98,雲林縣,7-Sep
115.26,嘉義縣,7-Sep
87.02,屏東縣,7-Sep
48.45,臺東縣,7-Sep
71.93,花蓮縣,7-Sep
81.78,澎湖縣,7-Sep
130.81,金門縣,7-Sep
91.63,連江縣,7-Sep
64.1,臺北市,7-Oct
60.97,新北市,7-Oct
99.01,臺中市,7-Oct
129.52,臺南市,7-Oct
151.33,高雄市,7-Oct
59.62,基隆市,7-Oct
76.85,新竹市,7-Oct
136.0,嘉義市,7-Oct
55.92,宜蘭縣,7-Oct
67.42,桃園市,7-Oct
67.01,新竹縣,7-Oct
83.42,苗栗縣,7-Oct
103.84,彰化縣,7-Oct
122.17,南投縣,7-Oct
109.11,雲林縣,7-Oct
110.07,嘉義縣,7-Oct
112.4,屏東縣,7-Oct
50.07,臺東縣,7-Oct
52.23,花蓮縣,7-Oct
67.01,澎湖縣,7-Oct
125.63,金門縣,7-Oct
94.09,連江縣,7-Oct
66.35,臺北市,7-Nov
65.77,新北市,7-Nov
100.56,臺中市,7-Nov
123.69,臺南市,7-Nov
154.19,高雄市,7-Nov
76.85,基隆市,7-Nov
76.85,新竹市,7-Nov
146.37,嘉義市,7-Nov
57.16,宜蘭縣,7-Nov
69.88,桃園市,7-Nov
69.47,新竹縣,7-Nov
71.93,苗栗縣,7-Nov
103.1,彰化縣,7-Nov
143.78,南投縣,7-Nov
105.73,雲林縣,7-Nov
103.38,嘉義縣,7-Nov
115.95,屏東縣,7-Nov
40.58,臺東縣,7-Nov
38.96,花蓮縣,7-Nov
67.01,澎湖縣,7-Nov
123.04,金門縣,7-Nov
104.89,連江縣,7-Nov
100.43,臺北市,7-Dec
98.4,新北市,7-Dec
140.02,臺中市,7-Dec
155.34,臺南市,7-Dec
164.24,高雄市,7-Dec
86.7,基隆市,7-Dec
133.41,新竹市,7-Dec
161.99,嘉義市,7-Dec
89.58,宜蘭縣,7-Dec
115.17,桃園市,7-Dec
108.63,新竹縣,7-Dec
113.53,苗栗縣,7-Dec
142.12,彰化縣,7-Dec
153.64,南投縣,7-Dec
135.02,雲林縣,7-Dec
149.05,嘉義縣,7-Dec
125.65,屏東縣,7-Dec
64.54,臺東縣,7-Dec
79.32,花蓮縣,7-Dec
107.48,澎湖縣,7-Dec
158.92,金門縣,7-Dec
141.19,連江縣,7-Dec
77.32,臺北市,8-Jan
77.3,新北市,8-Jan
111.03,臺中市,8-Jan
139.29,臺南市,8-Jan
155.6,高雄市,8-Jan
69.47,基隆市,8-Jan
107.48,新竹市,8-Jan
152.28,嘉義市,8-Jan
55.92,宜蘭縣,8-Jan
92.72,桃園市,8-Jan
84.24,新竹縣,8-Jan
89.99,苗栗縣,8-Jan
114.4,彰化縣,8-Jan
129.95,南投縣,8-Jan
112.65,雲林縣,8-Jan
120.44,嘉義縣,8-Jan
115.49,屏東縣,8-Jan
42.21,臺東縣,8-Jan
52.23,花蓮縣,8-Jan
79.32,澎湖縣,8-Jan
155.85,金門縣,8-Jan
128.22,連江縣,8-Jan
90.52,臺北市,8-Feb
90.12,新北市,8-Feb
107.91,臺中市,8-Feb
143.78,臺南市,8-Feb
156.96,高雄市,8-Feb
81.78,基隆市,8-Feb
120.44,新竹市,8-Feb
152.79,嘉義市,8-Feb
60.85,宜蘭縣,8-Feb
98.65,桃園市,8-Feb
92.23,新竹縣,8-Feb
93.82,苗栗縣,8-Feb
110.07,彰化縣,8-Feb
123.9,南投縣,8-Feb
116.8,雲林縣,8-Feb
132.11,嘉義縣,8-Feb
118.47,屏東縣,8-Feb
38.96,臺東縣,8-Feb
62.08,花蓮縣,8-Feb
112.67,澎湖縣,8-Feb
155.34,金門縣,8-Feb
146.37,連江縣,8-Feb
112.81,臺北市,8-Mar
112.84,新北市,8-Mar
149.27,臺中市,8-Mar
155.6,臺南市,8-Mar
157.73,高雄市,8-Mar
99.02,基隆市,8-Mar
146.37,新竹市,8-Mar
160.96,嘉義市,8-Mar
87.93,宜蘭縣,8-Mar
128.22,桃園市,8-Mar
121.74,新竹縣,8-Mar
134.27,苗栗縣,8-Mar
152.54,彰化縣,8-Mar
154.83,南投縣,8-Mar
145.03,雲林縣,8-Mar
154.83,嘉義縣,8-Mar
124.09,屏東縣,8-Mar
65.77,臺東縣,8-Mar
86.7,花蓮縣,8-Mar
107.48,澎湖縣,8-Mar
165.56,金門縣,8-Mar
143.78,連江縣,8-Mar
92.56,臺北市,8-Apr
91.69,新北市,8-Apr
120.44,臺中市,8-Apr
137.94,臺南市,8-Apr
141.83,高雄市,8-Apr
79.32,基隆市,8-Apr
104.89,新竹市,8-Apr
148.96,嘉義市,8-Apr
71.93,宜蘭縣,8-Apr
102.97,桃園市,8-Apr
100.85,新竹縣,8-Apr
102.15,苗栗縣,8-Apr
119.58,彰化縣,8-Apr
134.17,南投縣,8-Apr
122.94,雲林縣,8-Apr
132.11,嘉義縣,8-Apr
94.56,屏東縣,8-Apr
50.07,臺東縣,8-Apr
74.39,花蓮縣,8-Apr
84.24,澎湖縣,8-Apr
151.26,金門縣,8-Apr
110.07,連江縣,8-Apr
82.33,臺北市,8-May
77.4,新北市,8-May
88.86,臺中市,8-May
98.19,臺南市,8-May
102.34,高雄市,8-May
69.47,基隆市,8-May
89.17,新竹市,8-May
102.3,嘉義市,8-May
67.01,宜蘭縣,8-May
84.24,桃園市,8-May
83.01,新竹縣,8-May
78.5,苗栗縣,8-May
89.53,彰化縣,8-May
84.24,南投縣,8-May
92.77,雲林縣,8-May
99.49,嘉義縣,8-May
69.52,屏東縣,8-May
51.31,臺東縣,8-May
71.93,花蓮縣,8-May
67.01,澎湖縣,8-May
123.04,金門縣,8-May
84.24,連江縣,8-May
72.85,臺北市,8-Jun
69.6,新北市,8-Jun
64.54,臺中市,8-Jun
51.66,臺南市,8-Jun
58.25,高雄市,8-Jun
59.62,基隆市,8-Jun
62.08,新竹市,8-Jun
59.62,嘉義市,8-Jun
45.88,宜蘭縣,8-Jun
68.24,桃園市,8-Jun
58.39,新竹縣,8-Jun
51.88,苗栗縣,8-Jun
58.8,彰化縣,8-Jun
51.88,南投縣,8-Jun
55.19,雲林縣,8-Jun
60.85,嘉義縣,8-Jun
48.93,屏東縣,8-Jun
32.47,臺東縣,8-Jun
52.23,花蓮縣,8-Jun
32.47,澎湖縣,8-Jun
64.54,金門縣,8-Jun
48.7,連江縣,8-Jun
66.57,臺北市,8-Jul
62.51,新北市,8-Jul
64.82,臺中市,8-Jul
60.23,臺南市,8-Jul
59.29,高雄市,8-Jul
52.23,基隆市,8-Jul
57.16,新竹市,8-Jul
62.08,嘉義市,8-Jul
47.26,宜蘭縣,8-Jul
60.26,桃園市,8-Jul
53.46,新竹縣,8-Jul
49.71,苗栗縣,8-Jul
62.08,彰化縣,8-Jul
57.16,南投縣,8-Jul
52.29,雲林縣,8-Jul
63.31,嘉義縣,8-Jul
52.47,屏東縣,8-Jul
29.22,臺東縣,8-Jul
48.7,花蓮縣,8-Jul
38.96,澎湖縣,8-Jul
64.54,金門縣,8-Jul
52.23,連江縣,8-Jul
77.26,臺北市,8-Aug
71.16,新北市,8-Aug
80.79,臺中市,8-Aug
74.39,臺南市,8-Aug
72.55,高雄市,8-Aug
62.08,基隆市,8-Aug
81.78,新竹市,8-Aug
81.78,嘉義市,8-Aug
53.46,宜蘭縣,8-Aug
78.5,桃園市,8-Aug
76.85,新竹縣,8-Aug
70.29,苗栗縣,8-Aug
64.54,彰化縣,8-Aug
73.57,南投縣,8-Aug
70.29,雲林縣,8-Aug
73.16,嘉義縣,8-Aug
58.78,屏東縣,8-Aug
30.84,臺東縣,8-Aug
59.62,花蓮縣,8-Aug
54.69,澎湖縣,8-Aug
86.7,金門縣,8-Aug
59.62,連江縣,8-Aug
74.8,臺北市,8-Sep
69.02,新北市,8-Sep
105.21,臺中市,8-Sep
103.96,臺南市,8-Sep
106.11,高雄市,8-Sep
62.08,基隆市,8-Sep
91.63,新竹市,8-Sep
102.3,嘉義市,8-Sep
58.39,宜蘭縣,8-Sep
85.06,桃園市,8-Sep
78.09,新竹縣,8-Sep
84.24,苗栗縣,8-Sep
94.54,彰化縣,8-Sep
83.42,南投縣,8-Sep
99.29,雲林縣,8-Sep
102.15,嘉義縣,8-Sep
85.06,屏東縣,8-Sep
52.54,臺東縣,8-Sep
64.54,花蓮縣,8-Sep
89.17,澎湖縣,8-Sep
120.44,金門縣,8-Sep
69.47,連江縣,8-Sep
81.16,臺北市,8-Oct
76.52,新北市,8-Oct
115.12,臺中市,8-Oct
138.59,臺南市,8-Oct
138.89,高雄市,8-Oct
67.01,基隆市,8-Oct
91.63,新竹市,8-Oct
148.96,嘉義市,8-Oct
59.62,宜蘭縣,8-Oct
85.47,桃園市,8-Oct
83.01,新竹縣,8-Oct
90.81,苗栗縣,8-Oct
102.05,彰化縣,8-Oct
110.07,南投縣,8-Oct
117.85,雲林縣,8-Oct
130.81,嘉義縣,8-Oct
107.11,屏東縣,8-Oct
50.07,臺東縣,8-Oct
62.08,花蓮縣,8-Oct
79.32,澎湖縣,8-Oct
128.22,金門縣,8-Oct
96.55,連江縣,8-Oct
71.49,臺北市,8-Nov
70.45,新北市,8-Nov
90.37,臺中市,8-Nov
130.17,臺南市,8-Nov
151.92,高雄市,8-Nov
59.62,基隆市,8-Nov
81.78,新竹市,8-Nov
146.37,嘉義市,8-Nov
59.62,宜蘭縣,8-Nov
70.7,桃園市,8-Nov
75.62,新竹縣,8-Nov
74.39,苗栗縣,8-Nov
85.88,彰化縣,8-Nov
109.84,南投縣,8-Nov
104.92,雲林縣,8-Nov
119.15,嘉義縣,8-Nov
114.51,屏東縣,8-Nov
55.92,臺東縣,8-Nov
57.16,花蓮縣,8-Nov
71.93,澎湖縣,8-Nov
125.63,金門縣,8-Nov
102.3,連江縣,8-Nov
83.6,臺北市,8-Dec
84.81,新北市,8-Dec
106.79,臺中市,8-Dec
135.4,臺南市,8-Dec
149.59,高雄市,8-Dec
74.39,基隆市,8-Dec
107.48,新竹市,8-Dec
138.59,嘉義市,8-Dec
68.24,宜蘭縣,8-Dec
89.71,桃園市,8-Dec
89.17,新竹縣,8-Dec
88.35,苗栗縣,8-Dec
108.98,彰化縣,8-Dec
116.99,南投縣,8-Dec
116.99,雲林縣,8-Dec
132.11,嘉義縣,8-Dec
109.92,屏東縣,8-Dec
58.39,臺東縣,8-Dec
59.62,花蓮縣,8-Dec
76.85,澎湖縣,8-Dec
156.88,金門縣,8-Dec
123.04,連江縣,8-Dec
79.42,臺北市,9-Jan
78.96,新北市,9-Jan
107.34,臺中市,9-Jan
137.87,臺南市,9-Jan
152.2,高雄市,9-Jan
67.01,基隆市,9-Jan
91.63,新竹市,9-Jan
141.19,嘉義市,9-Jan
65.77,宜蘭縣,9-Jan
85.47,桃園市,9-Jan
84.24,新竹縣,9-Jan
89.17,苗栗縣,9-Jan
103.93,彰化縣,9-Jan
124.77,南投縣,9-Jan
113.39,雲林縣,9-Jan
120.44,嘉義縣,9-Jan
112.63,屏東縣,9-Jan
58.39,臺東縣,9-Jan
64.54,花蓮縣,9-Jan
74.39,澎湖縣,9-Jan
151.77,金門縣,9-Jan
99.02,連江縣,9-Jan
87.14,臺北市,9-Feb
90.47,新北市,9-Feb
125.11,臺中市,9-Feb
138.52,臺南市,9-Feb
149.02,高雄市,9-Feb
74.39,基隆市,9-Feb
112.67,新竹市,9-Feb
153.81,嘉義市,9-Feb
65.77,宜蘭縣,9-Feb
99.89,桃園市,9-Feb
99.55,新竹縣,9-Feb
108.2,苗栗縣,9-Feb
117.85,彰化縣,9-Feb
143.68,南投縣,9-Feb
126.56,雲林縣,9-Feb
130.81,嘉義縣,9-Feb
104.52,屏東縣,9-Feb
48.84,臺東縣,9-Feb
64.54,花蓮縣,9-Feb
81.78,澎湖縣,9-Feb
151.77,金門縣,9-Feb
104.89,連江縣,9-Feb
82.07,臺北市,9-Mar
83.03,新北市,9-Mar
113.19,臺中市,9-Mar
124.33,臺南市,9-Mar
141.18,高雄市,9-Mar
67.01,基隆市,9-Mar
99.02,新竹市,9-Mar
141.19,嘉義市,9-Mar
62.08,宜蘭縣,9-Mar
89.17,桃園市,9-Mar
85.47,新竹縣,9-Mar
98.19,苗栗縣,9-Mar
109.84,彰化縣,9-Mar
134.27,南投縣,9-Mar
115.94,雲林縣,9-Mar
120.44,嘉義縣,9-Mar
104.22,屏東縣,9-Mar
48.84,臺東縣,9-Mar
67.01,花蓮縣,9-Mar
71.93,澎湖縣,9-Mar
130.81,金門縣,9-Mar
96.55,連江縣,9-Mar
90.35,臺北市,9-Apr
85.95,新北市,9-Apr
117.85,臺中市,9-Apr
133.41,臺南市,9-Apr
141.09,高雄市,9-Apr
76.85,基隆市,9-Apr
107.48,新竹市,9-Apr
148.96,嘉義市,9-Apr
71.93,宜蘭縣,9-Apr
93.84,桃園市,9-Apr
91.63,新竹縣,9-Apr
98.78,苗栗縣,9-Apr
128.22,彰化縣,9-Apr
123.9,南投縣,9-Apr
123.9,雲林縣,9-Apr
130.81,嘉義縣,9-Apr
103.63,屏東縣,9-Apr
60.85,臺東縣,9-Apr
79.32,花蓮縣,9-Apr
86.7,澎湖縣,9-Apr
130.81,金門縣,9-Apr
107.48,連江縣,9-Apr
89.37,臺北市,9-May
86.81,新北市,9-May
122.0,臺中市,9-May
113.96,臺南市,9-May
109.81,高雄市,9-May
74.39,基隆市,9-May
104.89,新竹市,9-May
133.41,嘉義市,9-May
69.47,宜蘭縣,9-May
96.48,桃園市,9-May
95.32,新竹縣,9-May
102.93,苗栗縣,9-May
120.44,彰化縣,9-May
115.26,南投縣,9-May
123.9,雲林縣,9-May
121.74,嘉義縣,9-May
84.29,屏東縣,9-May
50.47,臺東縣,9-May
69.47,花蓮縣,9-May
81.78,澎湖縣,9-May
120.44,金門縣,9-May
104.89,連江縣,9-May
82.35,臺北市,9-Jun
81.87,新北市,9-Jun
82.27,臺中市,9-Jun
76.24,臺南市,9-Jun
78.29,高雄市,9-Jun
69.47,基隆市,9-Jun
74.39,新竹市,9-Jun
79.32,嘉義市,9-Jun
60.85,宜蘭縣,9-Jun
80.14,桃園市,9-Jun
71.93,新竹縣,9-Jun
68.65,苗栗縣,9-Jun
84.24,彰化縣,9-Jun
74.39,南投縣,9-Jun
85.88,雲林縣,9-Jun
84.24,嘉義縣,9-Jun
58.22,屏東縣,9-Jun
43.83,臺東縣,9-Jun
67.01,花蓮縣,9-Jun
52.23,澎湖縣,9-Jun
64.54,金門縣,9-Jun
69.47,連江縣,9-Jun
63.97,臺北市,9-Jul
56.66,新北市,9-Jul
71.22,臺中市,9-Jul
59.62,臺南市,9-Jul
65.07,高雄市,9-Jul
48.7,基隆市,9-Jul
62.08,新竹市,9-Jul
71.93,嘉義市,9-Jul
42.21,宜蘭縣,9-Jul
66.18,桃園市,9-Jul
60.85,新竹縣,9-Jul
62.08,苗栗縣,9-Jul
68.65,彰化縣,9-Jul
62.9,南投縣,9-Jul
66.18,雲林縣,9-Jul
65.77,嘉義縣,9-Jul
49.54,屏東縣,9-Jul
32.47,臺東縣,9-Jul
54.69,花蓮縣,9-Jul
29.22,澎湖縣,9-Jul
45.45,金門縣,9-Jul
38.96,連江縣,9-Jul
72.16,臺北市,9-Aug
68.87,新北市,9-Aug
85.23,臺中市,9-Aug
73.16,臺南市,9-Aug
82.67,高雄市,9-Aug
59.62,基隆市,9-Aug
71.93,新竹市,9-Aug
81.78,嘉義市,9-Aug
47.08,宜蘭縣,9-Aug
69.88,桃園市,9-Aug
69.47,新竹縣,9-Aug
71.11,苗栗縣,9-Aug
85.88,彰化縣,9-Aug
82.6,南投縣,9-Aug
81.78,雲林縣,9-Aug
76.85,嘉義縣,9-Aug
67.47,屏東縣,9-Aug
40.58,臺東縣,9-Aug
64.54,花蓮縣,9-Aug
52.23,澎湖縣,9-Aug
81.78,金門縣,9-Aug
62.08,連江縣,9-Aug
59.69,臺北市,9-Sep
50.07,新北市,9-Sep
104.74,臺中市,9-Sep
88.55,臺南市,9-Sep
100.3,高雄市,9-Sep
45.45,基隆市,9-Sep
71.93,新竹市,9-Sep
110.07,嘉義市,9-Sep
45.45,宜蘭縣,9-Sep
63.31,桃園市,9-Sep
68.24,新竹縣,9-Sep
77.68,苗栗縣,9-Sep
106.52,彰化縣,9-Sep
103.84,南投縣,9-Sep
101.42,雲林縣,9-Sep
94.09,嘉義縣,9-Sep
78.96,屏東縣,9-Sep
56.85,臺東縣,9-Sep
59.62,花蓮縣,9-Sep
57.16,澎湖縣,9-Sep
71.93,金門縣,9-Sep
64.54,連江縣,9-Sep
72.85,臺北市,9-Oct
66.78,新北市,9-Oct
96.93,臺中市,9-Oct
121.74,臺南市,9-Oct
144.23,高雄市,9-Oct
64.54,基隆市,9-Oct
84.24,新竹市,9-Oct
138.59,嘉義市,9-Oct
57.16,宜蘭縣,9-Oct
74.8,桃園市,9-Oct
74.39,新竹縣,9-Oct
79.32,苗栗縣,9-Oct
107.34,彰化縣,9-Oct
109.89,南投縣,9-Oct
118.72,雲林縣,9-Oct
115.26,嘉義縣,9-Oct
108.9,屏東縣,9-Oct
56.5,臺東縣,9-Oct
69.47,花蓮縣,9-Oct
74.39,澎湖縣,9-Oct
110.07,金門縣,9-Oct
99.02,連江縣,9-Oct
62.83,臺北市,9-Nov
58.39,新北市,9-Nov
90.15,臺中市,9-Nov
118.5,臺南市,9-Nov
150.06,高雄市,9-Nov
52.23,基隆市,9-Nov
69.47,新竹市,9-Nov
138.59,嘉義市,9-Nov
45.45,宜蘭縣,9-Nov
64.13,桃園市,9-Nov
63.31,新竹縣,9-Nov
70.29,苗栗縣,9-Nov
94.45,彰化縣,9-Nov
109.11,南投縣,9-Nov
108.38,雲林縣,9-Nov
97.78,嘉義縣,9-Nov
115.32,屏東縣,9-Nov
52.2,臺東縣,9-Nov
57.16,花蓮縣,9-Nov
64.54,澎湖縣,9-Nov
91.63,金門縣,9-Nov
64.54,連江縣,9-Nov
100.82,臺北市,9-Dec
102.69,新北市,9-Dec
129.78,臺中市,9-Dec
152.92,臺南市,9-Dec
158.92,高雄市,9-Dec
84.24,基隆市,9-Dec
128.22,新竹市,9-Dec
158.41,嘉義市,9-Dec
80.55,宜蘭縣,9-Dec
111.16,桃園市,9-Dec
108.43,新竹縣,9-Dec
109.21,苗栗縣,9-Dec
138.59,彰化縣,9-Dec
138.31,南投縣,9-Dec
143.14,雲林縣,9-Dec
138.59,嘉義縣,9-Dec
125.85,屏東縣,9-Dec
63.31,臺東縣,9-Dec
81.78,花蓮縣,9-Dec
94.09,澎湖縣,9-Dec
153.81,金門縣,9-Dec
125.63,連江縣,9-Dec
88.24,臺北市,10-Jan
90.72,新北市,10-Jan
114.11,臺中市,10-Jan
147.33,臺南市,10-Jan
156.53,高雄市,10-Jan
79.32,基隆市,10-Jan
115.26,新竹市,10-Jan
154.32,嘉義市,10-Jan
68.24,宜蘭縣,10-Jan
96.25,桃園市,10-Jan
95.8,新竹縣,10-Jan
94.09,苗栗縣,10-Jan
127.36,彰化縣,10-Jan
123.04,南投縣,10-Jan
136.76,雲林縣,10-Jan
126.93,嘉義縣,10-Jan
117.61,屏東縣,10-Jan
45.6,臺東縣,10-Jan
67.01,花蓮縣,10-Jan
86.7,澎湖縣,10-Jan
154.32,金門縣,10-Jan
133.41,連江縣,10-Jan
87.29,臺北市,10-Feb
90.52,新北市,10-Feb
100.73,臺中市,10-Feb
106.19,臺南市,10-Feb
122.39,高雄市,10-Feb
74.39,基隆市,10-Feb
99.02,新竹市,10-Feb
123.04,嘉義市,10-Feb
62.08,宜蘭縣,10-Feb
87.11,桃園市,10-Feb
84.24,新竹縣,10-Feb
84.24,苗栗縣,10-Feb
101.92,彰化縣,10-Feb
103.7,南投縣,10-Feb
102.28,雲林縣,10-Feb
97.78,嘉義縣,10-Feb
93.39,屏東縣,10-Feb
50.07,臺東縣,10-Feb
71.93,花蓮縣,10-Feb
62.08,澎湖縣,10-Feb
99.02,金門縣,10-Feb
71.93,連江縣,10-Feb
108.38,臺北市,10-Mar
101.95,新北市,10-Mar
134.96,臺中市,10-Mar
133.41,臺南市,10-Mar
137.49,高雄市,10-Mar
89.17,基隆市,10-Mar
123.04,新竹市,10-Mar
152.28,嘉義市,10-Mar
79.32,宜蘭縣,10-Mar
113.53,桃園市,10-Mar
112.67,新竹縣,10-Mar
115.26,苗栗縣,10-Mar
135.14,彰化縣,10-Mar
129.85,南投縣,10-Mar
135.21,雲林縣,10-Mar
124.33,嘉義縣,10-Mar
104.95,屏東縣,10-Mar
58.39,臺東縣,10-Mar
81.78,花蓮縣,10-Mar
81.78,澎湖縣,10-Mar
130.81,金門縣,10-Mar
104.89,連江縣,10-Mar
83.4,臺北市,10-Apr
81.23,新北市,10-Apr
103.3,臺中市,10-Apr
117.2,臺南市,10-Apr
124.72,高雄市,10-Apr
67.01,基隆市,10-Apr
91.63,新竹市,10-Apr
133.41,嘉義市,10-Apr
58.39,宜蘭縣,10-Apr
86.7,桃園市,10-Apr
85.47,新竹縣,10-Apr
78.5,苗栗縣,10-Apr
103.88,彰化縣,10-Apr
111.43,南投縣,10-Apr
109.11,雲林縣,10-Apr
100.66,嘉義縣,10-Apr
103.44,屏東縣,10-Apr
42.21,臺東縣,10-Apr
62.08,花蓮縣,10-Apr
64.54,澎湖縣,10-Apr
120.44,金門縣,10-Apr
76.85,連江縣,10-Apr
82.72,臺北市,10-May
78.52,新北市,10-May
96.39,臺中市,10-May
90.4,臺南市,10-May
86.29,高雄市,10-May
67.01,基隆市,10-May
84.24,新竹市,10-May
107.48,嘉義市,10-May
59.62,宜蘭縣,10-May
80.55,桃園市,10-May
80.55,新竹縣,10-May
75.21,苗栗縣,10-May
98.6,彰化縣,10-May
86.7,南投縣,10-May
95.23,雲林縣,10-May
87.93,嘉義縣,10-May
71.87,屏東縣,10-May
40.58,臺東縣,10-May
76.85,花蓮縣,10-May
62.08,澎湖縣,10-May
104.89,金門縣,10-May
71.93,連江縣,10-May
66.17,臺北市,10-Jun
62.53,新北市,10-Jun
61.59,臺中市,10-Jun
63.93,臺南市,10-Jun
71.93,高雄市,10-Jun
54.69,基隆市,10-Jun
52.23,新竹市,10-Jun
71.93,嘉義市,10-Jun
43.83,宜蘭縣,10-Jun
58.39,桃園市,10-Jun
62.08,新竹縣,10-Jun
45.45,苗栗縣,10-Jun
63.72,彰化縣,10-Jun
59.62,南投縣,10-Jun
58.8,雲林縣,10-Jun
57.16,嘉義縣,10-Jun
57.69,屏東縣,10-Jun
30.84,臺東縣,10-Jun
67.01,花蓮縣,10-Jun
38.96,澎湖縣,10-Jun
62.08,金門縣,10-Jun
57.16,連江縣,10-Jun
65.61,臺北市,10-Jul
58.21,新北市,10-Jul
63.07,臺中市,10-Jul
54.08,臺南市,10-Jul
59.06,高雄市,10-Jul
45.45,基隆市,10-Jul
57.16,新竹市,10-Jul
64.54,嘉義市,10-Jul
42.21,宜蘭縣,10-Jul
56.57,桃園市,10-Jul
59.62,新竹縣,10-Jul
49.88,苗栗縣,10-Jul
64.54,彰化縣,10-Jul
48.27,南投縣,10-Jul
54.08,雲林縣,10-Jul
50.47,嘉義縣,10-Jul
48.96,屏東縣,10-Jul
27.6,臺東縣,10-Jul
57.16,花蓮縣,10-Jul
29.22,澎湖縣,10-Jul
54.69,金門縣,10-Jul
42.21,連江縣,10-Jul
61.48,臺北市,10-Aug
55.34,新北市,10-Aug
70.5,臺中市,10-Aug
65.16,臺南市,10-Aug
69.88,高雄市,10-Aug
38.96,基隆市,10-Aug
64.54,新竹市,10-Aug
71.93,嘉義市,10-Aug
35.71,宜蘭縣,10-Aug
62.49,桃園市,10-Aug
71.93,新竹縣,10-Aug
63.72,苗栗縣,10-Aug
85.06,彰化縣,10-Aug
68.65,南投縣,10-Aug
72.75,雲林縣,10-Aug
68.24,嘉義縣,10-Aug
58.22,屏東縣,10-Aug
31.28,臺東縣,10-Aug
54.69,花蓮縣,10-Aug
42.21,澎湖縣,10-Aug
74.39,金門縣,10-Aug
45.45,連江縣,10-Aug
59.96,臺北市,10-Sep
56.0,新北市,10-Sep
80.3,臺中市,10-Sep
81.78,臺南市,10-Sep
82.87,高雄市,10-Sep
38.96,基隆市,10-Sep
67.01,新竹市,10-Sep
86.7,嘉義市,10-Sep
37.34,宜蘭縣,10-Sep
60.44,桃園市,10-Sep
67.01,新竹縣,10-Sep
60.44,苗栗縣,10-Sep
81.78,彰化縣,10-Sep
73.57,南投縣,10-Sep
76.03,雲林縣,10-Sep
71.93,嘉義縣,10-Sep
64.78,屏東縣,10-Sep
30.84,臺東縣,10-Sep
54.69,花蓮縣,10-Sep
45.45,澎湖縣,10-Sep
74.39,金門縣,10-Sep
54.69,連江縣,10-Sep
70.0,臺北市,10-Oct
65.66,新北市,10-Oct
93.81,臺中市,10-Oct
111.37,臺南市,10-Oct
122.56,高雄市,10-Oct
57.16,基隆市,10-Oct
79.32,新竹市,10-Oct
123.04,嘉義市,10-Oct
50.47,宜蘭縣,10-Oct
66.59,桃園市,10-Oct
70.7,新竹縣,10-Oct
79.32,苗栗縣,10-Oct
93.27,彰化縣,10-Oct
103.61,南投縣,10-Oct
99.51,雲林縣,10-Oct
94.09,嘉義縣,10-Oct
91.77,屏東縣,10-Oct
37.34,臺東縣,10-Oct
62.08,花蓮縣,10-Oct
67.01,澎湖縣,10-Oct
115.26,金門縣,10-Oct
99.02,連江縣,10-Oct
75.53,臺北市,10-Nov
71.03,新北市,10-Nov
110.04,臺中市,10-Nov
132.11,臺南市,10-Nov
152.24,高雄市,10-Nov
64.54,基隆市,10-Nov
86.7,新竹市,10-Nov
151.77,嘉義市,10-Nov
63.31,宜蘭縣,10-Nov
70.29,桃園市,10-Nov
73.16,新竹縣,10-Nov
94.09,苗栗縣,10-Nov
120.44,彰化縣,10-Nov
122.17,南投縣,10-Nov
125.63,雲林縣,10-Nov
129.52,嘉義縣,10-Nov
116.48,屏東縣,10-Nov
53.46,臺東縣,10-Nov
71.93,花蓮縣,10-Nov
76.85,澎湖縣,10-Nov
148.96,金門縣,10-Nov
117.85,連江縣,10-Nov
97.15,臺北市,10-Dec
95.64,新北市,10-Dec
131.33,臺中市,10-Dec
152.15,臺南市,10-Dec
155.06,高雄市,10-Dec
81.78,基隆市,10-Dec
115.26,新竹市,10-Dec
157.39,嘉義市,10-Dec
81.78,宜蘭縣,10-Dec
95.91,桃園市,10-Dec
99.49,新竹縣,10-Dec
112.67,苗栗縣,10-Dec
139.46,彰化縣,10-Dec
140.22,南投縣,10-Dec
140.55,雲林縣,10-Dec
150.62,嘉義縣,10-Dec
122.61,屏東縣,10-Dec
68.24,臺東縣,10-Dec
91.63,花蓮縣,10-Dec
79.32,澎湖縣,10-Dec
151.77,金門縣,10-Dec
104.89,連江縣,10-Dec
69.77,臺北市,11-Jan
65.89,新北市,11-Jan
79.32,臺中市,11-Jan
105.54,臺南市,11-Jan
143.31,高雄市,11-Jan
57.16,基隆市,11-Jan
79.32,新竹市,11-Jan
123.04,嘉義市,11-Jan
54.69,宜蘭縣,11-Jan
65.77,桃園市,11-Jan
67.01,新竹縣,11-Jan
72.75,苗栗縣,11-Jan
80.96,彰化縣,11-Jan
102.24,南投縣,11-Jan
91.17,雲林縣,11-Jan
92.86,嘉義縣,11-Jan
107.84,屏東縣,11-Jan
44.01,臺東縣,11-Jan
64.54,花蓮縣,11-Jan
84.24,澎湖縣,11-Jan
148.96,金門縣,11-Jan
130.81,連江縣,11-Jan
100.52,臺北市,11-Feb
99.92,新北市,11-Feb
130.3,臺中市,11-Feb
154.19,臺南市,11-Feb
159.39,高雄市,11-Feb
81.78,基隆市,11-Feb
125.63,新竹市,11-Feb
161.99,嘉義市,11-Feb
74.39,宜蘭縣,11-Feb
97.6,桃園市,11-Feb
104.89,新竹縣,11-Feb
115.89,苗栗縣,11-Feb
136.0,彰化縣,11-Feb
135.72,南投縣,11-Feb
144.35,雲林縣,11-Feb
153.04,嘉義縣,11-Feb
119.46,屏東縣,11-Feb
59.62,臺東縣,11-Feb
84.24,花蓮縣,11-Feb
112.67,澎湖縣,11-Feb
156.36,金門縣,11-Feb
151.77,連江縣,11-Feb
102.06,臺北市,11-Mar
101.54,新北市,11-Mar
128.74,臺中市,11-Mar
153.04,臺南市,11-Mar
158.62,高雄市,11-Mar
79.32,基隆市,11-Mar
120.44,新竹市,11-Mar
164.03,嘉義市,11-Mar
78.09,宜蘭縣,11-Mar
94.77,桃園市,11-Mar
101.95,新竹縣,11-Mar
114.4,苗栗縣,11-Mar
128.22,彰化縣,11-Mar
150.1,南投縣,11-Mar
120.26,雲林縣,11-Mar
139.89,嘉義縣,11-Mar
122.16,屏東縣,11-Mar
60.85,臺東縣,11-Mar
84.24,花蓮縣,11-Mar
89.17,澎湖縣,11-Mar
153.81,金門縣,11-Mar
136.0,連江縣,11-Mar
114.12,臺北市,11-Apr
118.5,新北市,11-Apr
149.44,臺中市,11-Apr
137.94,臺南市,11-Apr
146.94,高雄市,11-Apr
89.17,基隆市,11-Apr
143.78,新竹市,11-Apr
155.85,嘉義市,11-Apr
87.93,宜蘭縣,11-Apr
117.42,桃園市,11-Apr
133.41,新竹縣,11-Apr
140.32,苗栗縣,11-Apr
153.3,彰化縣,11-Apr
150.99,南投縣,11-Apr
130.02,雲林縣,11-Apr
145.07,嘉義縣,11-Apr
113.13,屏東縣,11-Apr
68.24,臺東縣,11-Apr
86.7,花蓮縣,11-Apr
96.55,澎湖縣,11-Apr
155.34,金門縣,11-Apr
128.22,連江縣,11-Apr
78.72,臺北市,11-May
80.06,新北市,11-May
92.12,臺中市,11-May
86.7,臺南市,11-May
95.27,高雄市,11-May
59.62,基隆市,11-May
81.78,新竹市,11-May
128.22,嘉義市,11-May
59.62,宜蘭縣,11-May
75.21,桃園市,11-May
81.78,新竹縣,11-May
80.14,苗栗縣,11-May
96.83,彰化縣,11-May
94.09,南投縣,11-May
85.42,雲林縣,11-May
90.4,嘉義縣,11-May
71.05,屏東縣,11-May
35.71,臺東縣,11-May
57.16,花蓮縣,11-May
67.01,澎湖縣,11-May
120.44,金門縣,11-May
99.02,連江縣,11-May
72.5,臺北市,11-Jun
67.96,新北市,11-Jun
66.02,臺中市,11-Jun
60.23,臺南市,11-Jun
63.11,高雄市,11-Jun
52.23,基隆市,11-Jun
62.08,新竹市,11-Jun
71.93,嘉義市,11-Jun
47.22,宜蘭縣,11-Jun
62.08,桃園市,11-Jun
67.01,新竹縣,11-Jun
59.62,苗栗縣,11-Jun
69.47,彰化縣,11-Jun
56.34,南投縣,11-Jun
57.73,雲林縣,11-Jun
60.85,嘉義縣,11-Jun
53.03,屏東縣,11-Jun
30.84,臺東縣,11-Jun
48.7,花蓮縣,11-Jun
45.45,澎湖縣,11-Jun
59.62,金門縣,11-Jun
67.01,連江縣,11-Jun
71.9,臺北市,11-Jul
67.8,新北市,11-Jul
70.45,臺中市,11-Jul
54.69,臺南市,11-Jul
61.31,高雄市,11-Jul
54.69,基隆市,11-Jul
64.54,新竹市,11-Jul
59.62,嘉義市,11-Jul
55.92,宜蘭縣,11-Jul
64.13,桃園市,11-Jul
67.01,新竹縣,11-Jul
59.62,苗栗縣,11-Jul
71.11,彰化縣,11-Jul
61.26,南投縣,11-Jul
56.5,雲林縣,11-Jul
57.16,嘉義縣,11-Jul
53.29,屏東縣,11-Jul
37.34,臺東縣,11-Jul
45.45,花蓮縣,11-Jul
45.45,澎湖縣,11-Jul
59.62,金門縣,11-Jul
62.08,連江縣,11-Jul
69.09,臺北市,11-Aug
63.48,新北市,11-Aug
72.42,臺中市,11-Aug
65.77,臺南市,11-Aug
70.9,高雄市,11-Aug
45.45,基隆市,11-Aug
64.54,新竹市,11-Aug
71.93,嘉義市,11-Aug
43.83,宜蘭縣,11-Aug
62.08,桃園市,11-Aug
73.16,新竹縣,11-Aug
65.36,苗栗縣,11-Aug
70.29,彰化縣,11-Aug
62.08,南投縣,11-Aug
62.43,雲林縣,11-Aug
67.01,嘉義縣,11-Aug
57.4,屏東縣,11-Aug
30.84,臺東縣,11-Aug
42.21,花蓮縣,11-Aug
48.7,澎湖縣,11-Aug
64.54,金門縣,11-Aug
54.69,連江縣,11-Aug
84.36,臺北市,11-Sep
80.21,新北市,11-Sep
115.26,臺中市,11-Sep
103.55,臺南市,11-Sep
120.01,高雄市,11-Sep
67.01,基隆市,11-Sep
102.3,新竹市,11-Sep
130.81,嘉義市,11-Sep
71.93,宜蘭縣,11-Sep
78.5,桃園市,11-Sep
99.55,新竹縣,11-Sep
104.89,苗栗縣,11-Sep
116.99,彰化縣,11-Sep
111.8,南投縣,11-Sep
108.87,雲林縣,11-Sep
113.96,嘉義縣,11-Sep
99.17,屏東縣,11-Sep
63.31,臺東縣,11-Sep
71.93,花蓮縣,11-Sep
86.7,澎湖縣,11-Sep
102.3,金門縣,11-Sep
76.85,連江縣,11-Sep
69.9,臺北市,11-Oct
69.92,新北市,11-Oct
87.69,臺中市,11-Oct
106.66,臺南市,11-Oct
138.54,高雄市,11-Oct
59.62,基隆市,11-Oct
79.32,新竹市,11-Oct
136.0,嘉義市,11-Oct
59.62,宜蘭縣,11-Oct
64.13,桃園市,11-Oct
78.09,新竹縣,11-Oct
76.03,苗栗縣,11-Oct
89.17,彰化縣,11-Oct
92.45,南投縣,11-Oct
92.09,雲林縣,11-Oct
106.19,嘉義縣,11-Oct
100.63,屏東縣,11-Oct
43.83,臺東縣,11-Oct
64.54,花蓮縣,11-Oct
71.93,澎湖縣,11-Oct
110.07,金門縣,11-Oct
89.17,連江縣,11-Oct
63.72,臺北市,11-Nov
59.28,新北市,11-Nov
108.46,臺中市,11-Nov
102.67,臺南市,11-Nov
124.52,高雄市,11-Nov
48.7,基隆市,11-Nov
79.32,新竹市,11-Nov
148.96,嘉義市,11-Nov
47.08,宜蘭縣,11-Nov
62.49,桃園市,11-Nov
71.93,新竹縣,11-Nov
81.78,苗栗縣,11-Nov
107.38,彰化縣,11-Nov
103.02,南投縣,11-Nov
95.88,雲林縣,11-Nov
113.96,嘉義縣,11-Nov
93.71,屏東縣,11-Nov
30.84,臺東縣,11-Nov
62.08,花蓮縣,11-Nov
69.47,澎湖縣,11-Nov
107.48,金門縣,11-Nov
79.32,連江縣,11-Nov
64.82,臺北市,11-Dec
61.76,新北市,11-Dec
78.33,臺中市,11-Dec
101.34,臺南市,11-Dec
140.73,高雄市,11-Dec
57.16,基隆市,11-Dec
74.39,新竹市,11-Dec
128.22,嘉義市,11-Dec
53.46,宜蘭縣,11-Dec
60.44,桃園市,11-Dec
64.54,新竹縣,11-Dec
66.18,苗栗縣,11-Dec
84.24,彰化縣,11-Dec
94.36,南投縣,11-Dec
79.62,雲林縣,11-Dec
95.32,嘉義縣,11-Dec
112.14,屏東縣,11-Dec
40.58,臺東縣,11-Dec
59.62,花蓮縣,11-Dec
71.93,澎湖縣,11-Dec
123.04,金門縣,11-Dec
107.48,連江縣,11-Dec
72.79,臺北市,12-Jan
68.12,新北市,12-Jan
70.74,臺中市,12-Jan
108.13,臺南市,12-Jan
143.18,高雄市,12-Jan
62.08,基隆市,12-Jan
79.32,新竹市,12-Jan
125.63,嘉義市,12-Jan
58.39,宜蘭縣,12-Jan
64.54,桃園市,12-Jan
67.01,新竹縣,12-Jan
69.47,苗栗縣,12-Jan
83.42,彰化縣,12-Jan
98.68,南投縣,12-Jan
82.05,雲林縣,12-Jan
99.42,嘉義縣,12-Jan
111.58,屏東縣,12-Jan
43.58,臺東縣,12-Jan
76.85,花蓮縣,12-Jan
71.93,澎湖縣,12-Jan
117.85,金門縣,12-Jan
99.02,連江縣,12-Jan
71.7,臺北市,12-Feb
66.61,新北市,12-Feb
88.37,臺中市,12-Feb
110.62,臺南市,12-Feb
139.86,高雄市,12-Feb
54.69,基隆市,12-Feb
81.78,新竹市,12-Feb
128.22,嘉義市,12-Feb
42.21,宜蘭縣,12-Feb
66.59,桃園市,12-Feb
69.47,新竹縣,12-Feb
70.29,苗栗縣,12-Feb
88.35,彰化縣,12-Feb
103.01,南投縣,12-Feb
96.67,雲林縣,12-Feb
108.78,嘉義縣,12-Feb
103.17,屏東縣,12-Feb
31.84,臺東縣,12-Feb
57.16,花蓮縣,12-Feb
67.01,澎湖縣,12-Feb
115.26,金門縣,12-Feb
86.7,連江縣,12-Feb
91.03,臺北市,12-Mar
87.31,新北市,12-Mar
106.88,臺中市,12-Mar
122.39,臺南市,12-Mar
129.06,高雄市,12-Mar
71.93,基隆市,12-Mar
94.09,新竹市,12-Mar
152.28,嘉義市,12-Mar
64.54,宜蘭縣,12-Mar
83.42,桃園市,12-Mar
86.7,新竹縣,12-Mar
88.35,苗栗縣,12-Mar
115.26,彰化縣,12-Mar
122.17,南投縣,12-Mar
118.22,雲林縣,12-Mar
129.52,嘉義縣,12-Mar
104.68,屏東縣,12-Mar
40.58,臺東縣,12-Mar
64.54,花蓮縣,12-Mar
71.93,澎湖縣,12-Mar
120.44,金門縣,12-Mar
89.17,連江縣,12-Mar
83.64,臺北市,12-Apr
78.33,新北市,12-Apr
95.95,臺中市,12-Apr
91.01,臺南市,12-Apr
80.87,高雄市,12-Apr
64.54,基隆市,12-Apr
81.78,新竹市,12-Apr
112.67,嘉義市,12-Apr
67.01,宜蘭縣,12-Apr
77.68,桃園市,12-Apr
74.39,新竹縣,12-Apr
80.96,苗栗縣,12-Apr
97.96,彰化縣,12-Apr
93.67,南投縣,12-Apr
98.39,雲林縣,12-Apr
98.19,嘉義縣,12-Apr
74.04,屏東縣,12-Apr
51.7,臺東縣,12-Apr
79.32,花蓮縣,12-Apr
69.47,澎湖縣,12-Apr
133.41,金門縣,12-Apr
110.07,連江縣,12-Apr
73.64,臺北市,12-May
65.53,新北市,12-May
78.82,臺中市,12-May
78.09,臺南市,12-May
81.16,高雄市,12-May
54.69,基隆市,12-May
71.93,新竹市,12-May
91.63,嘉義市,12-May
54.16,宜蘭縣,12-May
63.1,桃園市,12-May
64.54,新竹縣,12-May
67.01,苗栗縣,12-May
78.5,彰化縣,12-May
74.39,南投縣,12-May
83.63,雲林縣,12-May
81.78,嘉義縣,12-May
63.96,屏東縣,12-May
38.96,臺東縣,12-May
64.54,花蓮縣,12-May
64.54,澎湖縣,12-May
102.3,金門縣,12-May
76.85,連江縣,12-May
59.93,臺北市,12-Jun
53.73,新北市,12-Jun
60.6,臺中市,12-Jun
53.05,臺南市,12-Jun
62.95,高雄市,12-Jun
42.21,基隆市,12-Jun
52.23,新竹市,12-Jun
67.01,嘉義市,12-Jun
40.58,宜蘭縣,12-Jun
51.36,桃園市,12-Jun
54.69,新竹縣,12-Jun
50.79,苗栗縣,12-Jun
58.44,彰化縣,12-Jun
45.93,南投縣,12-Jun
57.68,雲林縣,12-Jun
53.41,嘉義縣,12-Jun
50.83,屏東縣,12-Jun
29.89,臺東縣,12-Jun
48.7,花蓮縣,12-Jun
52.23,澎湖縣,12-Jun
57.16,金門縣,12-Jun
48.7,連江縣,12-Jun
60.66,臺北市,12-Jul
49.74,新北市,12-Jul
61.07,臺中市,12-Jul
60.23,臺南市,12-Jul
59.66,高雄市,12-Jul
42.21,基隆市,12-Jul
54.69,新竹市,12-Jul
67.01,嘉義市,12-Jul
43.83,宜蘭縣,12-Jul
52.47,桃園市,12-Jul
57.16,新竹縣,12-Jul
52.99,苗栗縣,12-Jul
60.9,彰化縣,12-Jul
67.01,南投縣,12-Jul
61.38,雲林縣,12-Jul
67.01,嘉義縣,12-Jul
53.33,屏東縣,12-Jul
29.22,臺東縣,12-Jul
32.47,花蓮縣,12-Jul
42.21,澎湖縣,12-Jul
52.23,金門縣,12-Jul
45.45,連江縣,12-Jul
61.83,臺北市,12-Aug
61.46,新北市,12-Aug
80.3,臺中市,12-Aug
67.62,臺南市,12-Aug
72.15,高雄市,12-Aug
45.45,基隆市,12-Aug
67.01,新竹市,12-Aug
76.85,嘉義市,12-Aug
45.45,宜蘭縣,12-Aug
65.36,桃園市,12-Aug
68.24,新竹縣,12-Aug
71.11,苗栗縣,12-Aug
80.14,彰化縣,12-Aug
71.11,南投縣,12-Aug
71.31,雲林縣,12-Aug
70.7,嘉義縣,12-Aug
66.18,屏東縣,12-Aug
30.12,臺東縣,12-Aug
38.96,花蓮縣,12-Aug
64.54,澎湖縣,12-Aug
84.24,金門縣,12-Aug
57.16,連江縣,12-Aug
70.26,臺北市,12-Sep
68.47,新北市,12-Sep
96.47,臺中市,12-Sep
97.17,臺南市,12-Sep
103.35,高雄市,12-Sep
48.7,基隆市,12-Sep
89.17,新竹市,12-Sep
104.89,嘉義市,12-Sep
57.16,宜蘭縣,12-Sep
80.96,桃園市,12-Sep
89.17,新竹縣,12-Sep
85.88,苗栗縣,12-Sep
97.96,彰化縣,12-Sep
89.99,南投縣,12-Sep
98.36,雲林縣,12-Sep
97.09,嘉義縣,12-Sep
89.4,屏東縣,12-Sep
42.21,臺東縣,12-Sep
42.21,花蓮縣,12-Sep
67.01,澎湖縣,12-Sep
94.09,金門縣,12-Sep
67.01,連江縣,12-Sep
73.8,臺北市,12-Oct
72.6,新北市,12-Oct
101.47,臺中市,12-Oct
115.91,臺南市,12-Oct
133.41,高雄市,12-Oct
59.62,基隆市,12-Oct
86.7,新竹市,12-Oct
123.04,嘉義市,12-Oct
65.77,宜蘭縣,12-Oct
76.44,桃園市,12-Oct
83.01,新竹縣,12-Oct
86.7,苗栗縣,12-Oct
99.69,彰化縣,12-Oct
118.72,南投縣,12-Oct
106.0,雲林縣,12-Oct
111.37,嘉義縣,12-Oct
111.49,屏東縣,12-Oct
50.07,臺東縣,12-Oct
52.23,花蓮縣,12-Oct
74.39,澎湖縣,12-Oct
117.85,金門縣,12-Oct
96.55,連江縣,12-Oct
79.05,臺北市,12-Nov
81.33,新北市,12-Nov
107.75,臺中市,12-Nov
117.85,臺南市,12-Nov
132.49,高雄市,12-Nov
67.01,基隆市,12-Nov
94.09,新竹市,12-Nov
130.81,嘉義市,12-Nov
68.24,宜蘭縣,12-Nov
82.6,桃園市,12-Nov
83.01,新竹縣,12-Nov
85.88,苗栗縣,12-Nov
112.44,彰化縣,12-Nov
106.52,南投縣,12-Nov
112.67,雲林縣,12-Nov
112.39,嘉義縣,12-Nov
103.23,屏東縣,12-Nov
45.45,臺東縣,12-Nov
57.16,花蓮縣,12-Nov
74.39,澎湖縣,12-Nov
128.22,金門縣,12-Nov
102.3,連江縣,12-Nov
64.93,臺北市,12-Dec
67.58,新北市,12-Dec
92.34,臺中市,12-Dec
107.31,臺南市,12-Dec
128.83,高雄市,12-Dec
54.69,基隆市,12-Dec
81.78,新竹市,12-Dec
125.63,嘉義市,12-Dec
58.39,宜蘭縣,12-Dec
70.29,桃園市,12-Dec
73.16,新竹縣,12-Dec
72.75,苗栗縣,12-Dec
89.17,彰化縣,12-Dec
109.15,南投縣,12-Dec
95.11,雲林縣,12-Dec
102.3,嘉義縣,12-Dec
103.01,屏東縣,12-Dec
35.71,臺東縣,12-Dec
45.45,花蓮縣,12-Dec
71.93,澎湖縣,12-Dec
115.26,金門縣,12-Dec
86.7,連江縣,12-Dec
72.07,臺北市,13-Jan
78.17,新北市,13-Jan
103.49,臺中市,13-Jan
132.11,臺南市,13-Jan
146.5,高雄市,13-Jan
62.08,基隆市,13-Jan
96.55,新竹市,13-Jan
143.78,嘉義市,13-Jan
63.31,宜蘭縣,13-Jan
82.6,桃園市,13-Jan
85.47,新竹縣,13-Jan
84.24,苗栗縣,13-Jan
108.25,彰化縣,13-Jan
115.89,南投縣,13-Jan
112.53,雲林縣,13-Jan
117.85,嘉義縣,13-Jan
116.67,屏東縣,13-Jan
40.58,臺東縣,13-Jan
45.45,花蓮縣,13-Jan
89.17,澎湖縣,13-Jan
148.96,金門縣,13-Jan
123.04,連江縣,13-Jan
74.53,臺北市,13-Feb
78.1,新北市,13-Feb
95.8,臺中市,13-Feb
134.06,臺南市,13-Feb
141.51,高雄市,13-Feb
57.16,基隆市,13-Feb
104.89,新竹市,13-Feb
151.77,嘉義市,13-Feb
51.31,宜蘭縣,13-Feb
83.42,桃園市,13-Feb
87.93,新竹縣,13-Feb
85.88,苗栗縣,13-Feb
109.89,彰化縣,13-Feb
122.17,南投縣,13-Feb
121.09,雲林縣,13-Feb
121.74,嘉義縣,13-Feb
114.39,屏東縣,13-Feb
29.33,臺東縣,13-Feb
38.96,花蓮縣,13-Feb
84.24,澎湖縣,13-Feb
117.85,金門縣,13-Feb
89.17,連江縣,13-Feb
90.03,臺北市,13-Mar
93.48,新北市,13-Mar
101.93,臺中市,13-Mar
117.2,臺南市,13-Mar
125.15,高雄市,13-Mar
71.93,基隆市,13-Mar
107.48,新竹市,13-Mar
136.0,嘉義市,13-Mar
74.39,宜蘭縣,13-Mar
90.99,桃園市,13-Mar
89.17,新竹縣,13-Mar
94.09,苗栗縣,13-Mar
117.85,彰化縣,13-Mar
134.27,南投縣,13-Mar
117.2,雲林縣,13-Mar
108.78,嘉義縣,13-Mar
111.49,屏東縣,13-Mar
50.47,臺東縣,13-Mar
64.54,花蓮縣,13-Mar
76.85,澎湖縣,13-Mar
133.41,金門縣,13-Mar
104.89,連江縣,13-Mar
86.9,臺北市,13-Apr
95.8,新北市,13-Apr
94.32,臺中市,13-Apr
113.96,臺南市,13-Apr
116.3,高雄市,13-Apr
71.93,基隆市,13-Apr
107.48,新竹市,13-Apr
123.04,嘉義市,13-Apr
78.09,宜蘭縣,13-Apr
96.8,桃園市,13-Apr
92.04,新竹縣,13-Apr
93.27,苗栗縣,13-Apr
110.07,彰化縣,13-Apr
109.07,南投縣,13-Apr
110.72,雲林縣,13-Apr
104.89,嘉義縣,13-Apr
103.63,屏東縣,13-Apr
48.7,臺東縣,13-Apr
76.85,花蓮縣,13-Apr
81.78,澎湖縣,13-Apr
151.77,金門縣,13-Apr
125.63,連江縣,13-Apr
61.42,臺北市,13-May
64.75,新北市,13-May
69.96,臺中市,13-May
70.08,臺南市,13-May
71.16,高雄市,13-May
45.45,基隆市,13-May
64.54,新竹市,13-May
74.39,嘉義市,13-May
57.16,宜蘭縣,13-May
64.95,桃園市,13-May
59.62,新竹縣,13-May
63.72,苗栗縣,13-May
72.75,彰化縣,13-May
71.11,南投縣,13-May
68.85,雲林縣,13-May
64.54,嘉義縣,13-May
64.8,屏東縣,13-May
29.22,臺東縣,13-May
52.23,花蓮縣,13-May
48.7,澎湖縣,13-May
84.24,金門縣,13-May
71.93,連江縣,13-May
80.61,臺北市,13-Jun
73.5,新北市,13-Jun
72.42,臺中市,13-Jun
70.08,臺南市,13-Jun
70.29,高雄市,13-Jun
54.69,基隆市,13-Jun
64.54,新竹市,13-Jun
79.32,嘉義市,13-Jun
58.39,宜蘭縣,13-Jun
67.83,桃園市,13-Jun
58.39,新竹縣,13-Jun
65.36,苗栗縣,13-Jun
76.03,彰化縣,13-Jun
66.18,南投縣,13-Jun
71.31,雲林縣,13-Jun
69.47,嘉義縣,13-Jun
67.77,屏東縣,13-Jun
35.71,臺東縣,13-Jun
45.45,花蓮縣,13-Jun
54.69,澎湖縣,13-Jun
71.93,金門縣,13-Jun
69.47,連江縣,13-Jun
67.81,臺北市,13-Jul
62.36,新北市,13-Jul
63.56,臺中市,13-Jul
58.39,臺南市,13-Jul
58.41,高雄市,13-Jul
42.21,基隆市,13-Jul
64.54,新竹市,13-Jul
62.08,嘉義市,13-Jul
48.7,宜蘭縣,13-Jul
61.67,桃園市,13-Jul
55.92,新竹縣,13-Jul
56.8,苗栗縣,13-Jul
65.36,彰化縣,13-Jul
64.54,南投縣,13-Jul
57.5,雲林縣,13-Jul
57.16,嘉義縣,13-Jul
53.89,屏東縣,13-Jul
22.73,臺東縣,13-Jul
35.71,花蓮縣,13-Jul
35.71,澎湖縣,13-Jul
48.7,金門縣,13-Jul
42.21,連江縣,13-Jul
62.66,臺北市,13-Aug
57.42,新北市,13-Aug
63.07,臺中市,13-Aug
54.58,臺南市,13-Aug
57.59,高雄市,13-Aug
38.96,基隆市,13-Aug
64.54,新竹市,13-Aug
59.62,嘉義市,13-Aug
45.45,宜蘭縣,13-Aug
60.85,桃園市,13-Aug
57.16,新竹縣,13-Aug
60.08,苗栗縣,13-Aug
61.26,彰化縣,13-Aug
60.9,南投縣,13-Aug
53.61,雲林縣,13-Aug
55.92,嘉義縣,13-Aug
53.59,屏東縣,13-Aug
27.6,臺東縣,13-Aug
42.21,花蓮縣,13-Aug
48.7,澎湖縣,13-Aug
69.47,金門縣,13-Aug
52.23,連江縣,13-Aug
59.26,臺北市,13-Sep
54.47,新北市,13-Sep
90.83,臺中市,13-Sep
93.71,臺南市,13-Sep
101.18,高雄市,13-Sep
38.96,基隆市,13-Sep
84.24,新竹市,13-Sep
96.55,嘉義市,13-Sep
53.46,宜蘭縣,13-Sep
60.44,桃園市,13-Sep
69.47,新竹縣,13-Sep
76.85,苗栗縣,13-Sep
89.99,彰化縣,13-Sep
100.15,南投縣,13-Sep
91.01,雲林縣,13-Sep
87.93,嘉義縣,13-Sep
87.66,屏東縣,13-Sep
37.34,臺東縣,13-Sep
59.62,花蓮縣,13-Sep
76.85,澎湖縣,13-Sep
81.78,金門縣,13-Sep
59.62,連江縣,13-Sep
78.77,臺北市,13-Oct
74.78,新北市,13-Oct
88.34,臺中市,13-Oct
111.26,臺南市,13-Oct
125.14,高雄市,13-Oct
57.16,基隆市,13-Oct
84.24,新竹市,13-Oct
117.85,嘉義市,13-Oct
64.54,宜蘭縣,13-Oct
71.11,桃園市,13-Oct
73.16,新竹縣,13-Oct
79.32,苗栗縣,13-Oct
93.27,彰化縣,13-Oct
102.11,南投縣,13-Oct
97.61,雲林縣,13-Oct
96.96,嘉義縣,13-Oct
102.67,屏東縣,13-Oct
58.39,臺東縣,13-Oct
76.85,花蓮縣,13-Oct
79.32,澎湖縣,13-Oct
104.89,金門縣,13-Oct
91.63,連江縣,13-Oct
79.87,臺北市,13-Nov
81.11,新北市,13-Nov
115.15,臺中市,13-Nov
135.35,臺南市,13-Nov
149.51,高雄市,13-Nov
67.01,基隆市,13-Nov
99.02,新竹市,13-Nov
152.28,嘉義市,13-Nov
62.08,宜蘭縣,13-Nov
83.42,桃園市,13-Nov
84.24,新竹縣,13-Nov
94.36,苗栗縣,13-Nov
114.4,彰化縣,13-Nov
134.27,南投縣,13-Nov
117.02,雲林縣,13-Nov
133.41,嘉義縣,13-Nov
116.22,屏東縣,13-Nov
52.23,臺東縣,13-Nov
69.47,花蓮縣,13-Nov
86.7,澎湖縣,13-Nov
120.44,金門縣,13-Nov
107.48,連江縣,13-Nov
93.65,臺北市,13-Dec
94.49,新北市,13-Dec
104.96,臺中市,13-Dec
141.24,臺南市,13-Dec
151.11,高雄市,13-Dec
74.39,基隆市,13-Dec
110.07,新竹市,13-Dec
153.3,嘉義市,13-Dec
74.39,宜蘭縣,13-Dec
94.43,桃園市,13-Dec
92.1,新竹縣,13-Dec
90.81,苗栗縣,13-Dec
113.53,彰化縣,13-Dec
118.72,南投縣,13-Dec
119.8,雲林縣,13-Dec
126.93,嘉義縣,13-Dec
120.97,屏東縣,13-Dec
52.23,臺東縣,13-Dec
74.39,花蓮縣,13-Dec
91.63,澎湖縣,13-Dec
155.34,金門縣,13-Dec
155.34,連江縣,13-Dec
76.85,臺北市,14-Jan
87.38,新北市,14-Jan
116.73,臺中市,14-Jan
141.19,臺南市,14-Jan
145.08,高雄市,14-Jan
81.78,基隆市,14-Jan
107.48,新竹市,14-Jan
146.37,嘉義市,14-Jan
68.24,宜蘭縣,14-Jan
99.31,桃園市,14-Jan
99.55,新竹縣,14-Jan
103.06,苗栗縣,14-Jan
123.04,彰化縣,14-Jan
124.77,南投縣,14-Jan
134.06,雲林縣,14-Jan
133.41,嘉義縣,14-Jan
108.63,屏東縣,14-Jan
57.16,臺東縣,14-Jan
67.01,花蓮縣,14-Jan
81.78,澎湖縣,14-Jan
152.79,金門縣,14-Jan
125.63,連江縣,14-Jan
54.77,臺北市,14-Feb
64.99,新北市,14-Feb
79.32,臺中市,14-Feb
97.99,臺南市,14-Feb
100.59,高雄市,14-Feb
54.69,基隆市,14-Feb
71.93,新竹市,14-Feb
112.67,嘉義市,14-Feb
37.34,宜蘭縣,14-Feb
69.06,桃園市,14-Feb
71.93,新竹縣,14-Feb
71.11,苗栗縣,14-Feb
86.7,彰化縣,14-Feb
94.09,南投縣,14-Feb
97.61,雲林縣,14-Feb
98.19,嘉義縣,14-Feb
79.67,屏東縣,14-Feb
27.11,臺東縣,14-Feb
29.22,花蓮縣,14-Feb
57.16,澎湖縣,14-Feb
94.09,金門縣,14-Feb
71.93,連江縣,14-Feb
71.93,臺北市,14-Mar
84.91,新北市,14-Mar
105.37,臺中市,14-Mar
113.31,臺南市,14-Mar
110.89,高雄市,14-Mar
71.93,基隆市,14-Mar
86.7,新竹市,14-Mar
125.63,嘉義市,14-Mar
62.08,宜蘭縣,14-Mar
86.7,桃園市,14-Mar
87.93,新竹縣,14-Mar
98.78,苗栗縣,14-Mar
113.53,彰化縣,14-Mar
136.0,南投縣,14-Mar
122.39,雲林縣,14-Mar
128.22,嘉義縣,14-Mar
88.26,屏東縣,14-Mar
47.08,臺東縣,14-Mar
48.7,花蓮縣,14-Mar
74.39,澎湖縣,14-Mar
117.85,金門縣,14-Mar
99.02,連江縣,14-Mar
66.85,臺北市,14-Apr
78.2,新北市,14-Apr
96.25,臺中市,14-Apr
100.28,臺南市,14-Apr
95.9,高雄市,14-Apr
67.01,基隆市,14-Apr
74.39,新竹市,14-Apr
115.26,嘉義市,14-Apr
63.31,宜蘭縣,14-Apr
80.14,桃園市,14-Apr
86.7,新竹縣,14-Apr
91.63,苗栗縣,14-Apr
95.18,彰化縣,14-Apr
122.17,南投縣,14-Apr
111.37,雲林縣,14-Apr
109.73,嘉義縣,14-Apr
77.46,屏東縣,14-Apr
38.96,臺東縣,14-Apr
45.45,花蓮縣,14-Apr
64.54,澎湖縣,14-Apr
112.67,金門縣,14-Apr
76.85,連江縣,14-Apr
57.35,臺北市,14-May
64.45,新北市,14-May
53.95,臺中市,14-May
58.39,臺南市,14-May
57.2,高雄市,14-May
57.16,基隆市,14-May
54.69,新竹市,14-May
59.62,嘉義市,14-May
54.69,宜蘭縣,14-May
67.42,桃園市,14-May
67.01,新竹縣,14-May
59.62,苗栗縣,14-May
60.44,彰化縣,14-May
54.24,南投縣,14-May
64.54,雲林縣,14-May
64.54,嘉義縣,14-May
49.1,屏東縣,14-May
35.71,臺東縣,14-May
42.21,花蓮縣,14-May
45.45,澎湖縣,14-May
104.89,金門縣,14-May
76.85,連江縣,14-May
53.75,臺北市,14-Jun
58.11,新北市,14-Jun
49.8,臺中市,14-Jun
38.15,臺南市,14-Jun
37.58,高雄市,14-Jun
54.69,基隆市,14-Jun
29.22,新竹市,14-Jun
42.21,嘉義市,14-Jun
50.07,宜蘭縣,14-Jun
56.16,桃園市,14-Jun
48.45,新竹縣,14-Jun
43.38,苗栗縣,14-Jun
55.36,彰化縣,14-Jun
45.01,南投縣,14-Jun
46.01,雲林縣,14-Jun
47.08,嘉義縣,14-Jun
33.51,屏東縣,14-Jun
27.6,臺東縣,14-Jun
32.47,花蓮縣,14-Jun
25.65,澎湖縣,14-Jun
59.62,金門縣,14-Jun
48.7,連江縣,14-Jun
43.23,臺北市,14-Jul
48.23,新北市,14-Jul
60.11,臺中市,14-Jul
45.45,臺南市,14-Jul
42.96,高雄市,14-Jul
42.21,基隆市,14-Jul
32.47,新竹市,14-Jul
57.16,嘉義市,14-Jul
30.81,宜蘭縣,14-Jul
58.39,桃園市,14-Jul
50.07,新竹縣,14-Jul
55.51,苗栗縣,14-Jul
59.82,彰化縣,14-Jul
57.92,南投縣,14-Jul
55.07,雲林縣,14-Jul
53.46,嘉義縣,14-Jul
38.93,屏東縣,14-Jul
19.48,臺東縣,14-Jul
25.97,花蓮縣,14-Jul
22.59,澎湖縣,14-Jul
48.7,金門縣,14-Jul
35.71,連江縣,14-Jul
51.9,臺北市,14-Aug
59.38,新北市,14-Aug
50.63,臺中市,14-Aug
36.53,臺南市,14-Aug
33.92,高雄市,14-Aug
52.23,基隆市,14-Aug
38.96,新竹市,14-Aug
35.71,嘉義市,14-Aug
44.17,宜蘭縣,14-Aug
60.41,桃園市,14-Aug
50.13,新竹縣,14-Aug
50.53,苗栗縣,14-Aug
52.38,彰化縣,14-Aug
42.44,南投縣,14-Aug
44.71,雲林縣,14-Aug
38.96,嘉義縣,14-Aug
28.73,屏東縣,14-Aug
17.86,臺東縣,14-Aug
22.73,花蓮縣,14-Aug
24.81,澎湖縣,14-Aug
52.23,金門縣,14-Aug
57.16,連江縣,14-Aug
49.92,臺北市,14-Sep
56.12,新北市,14-Sep
72.91,臺中市,14-Sep
62.08,臺南市,14-Sep
54.87,高雄市,14-Sep
48.7,基隆市,14-Sep
59.62,新竹市,14-Sep
64.54,嘉義市,14-Sep
37.77,宜蘭縣,14-Sep
59.31,桃園市,14-Sep
42.21,新竹縣,14-Sep
69.47,苗栗縣,14-Sep
74.39,彰化縣,14-Sep
71.11,南投縣,14-Sep
68.24,雲林縣,14-Sep
63.31,嘉義縣,14-Sep
47.44,屏東縣,14-Sep
21.1,臺東縣,14-Sep
29.22,花蓮縣,14-Sep
31.02,澎湖縣,14-Sep
54.69,金門縣,14-Sep
62.08,連江縣,14-Sep
60.52,臺北市,14-Oct
69.83,新北市,14-Oct
89.33,臺中市,14-Oct
106.19,臺南市,14-Oct
108.63,高雄市,14-Oct
67.01,基隆市,14-Oct
89.17,新竹市,14-Oct
110.07,嘉義市,14-Oct
57.85,宜蘭縣,14-Oct
72.34,桃園市,14-Oct
59.62,新竹縣,14-Oct
86.7,苗栗縣,14-Oct
107.34,彰化縣,14-Oct
109.21,南投縣,14-Oct
111.37,雲林縣,14-Oct
99.42,嘉義縣,14-Oct
87.02,屏東縣,14-Oct
48.7,臺東縣,14-Oct
48.7,花蓮縣,14-Oct
69.47,澎湖縣,14-Oct
96.55,金門縣,14-Oct
84.24,連江縣,14-Oct
52.11,臺北市,14-Nov
63.36,新北市,14-Nov
95.37,臺中市,14-Nov
106.83,臺南市,14-Nov
116.99,高雄市,14-Nov
54.69,基隆市,14-Nov
71.93,新竹市,14-Nov
123.04,嘉義市,14-Nov
45.2,宜蘭縣,14-Nov
64.13,桃園市,14-Nov
50.07,新竹縣,14-Nov
77.68,苗栗縣,14-Nov
102.88,彰化縣,14-Nov
126.49,南投縣,14-Nov
108.5,雲林縣,14-Nov
103.25,嘉義縣,14-Nov
85.42,屏東縣,14-Nov
31.09,臺東縣,14-Nov
28.24,花蓮縣,14-Nov
54.69,澎湖縣,14-Nov
104.89,金門縣,14-Nov
81.78,連江縣,14-Nov
66.62,臺北市,14-Dec
77.53,新北市,14-Dec
80.3,臺中市,14-Dec
113.96,臺南市,14-Dec
138.59,高雄市,14-Dec
74.39,基隆市,14-Dec
84.24,新竹市,14-Dec
130.81,嘉義市,14-Dec
67.01,宜蘭縣,14-Dec
77.68,桃園市,14-Dec
70.7,新竹縣,14-Dec
79.32,苗栗縣,14-Dec
102.05,彰化縣,14-Dec
110.71,南投縣,14-Dec
105.87,雲林縣,14-Dec
107.48,嘉義縣,14-Dec
100.3,屏東縣,14-Dec
48.84,臺東縣,14-Dec
42.21,花蓮縣,14-Dec
69.47,澎湖縣,14-Dec
112.67,金門縣,14-Dec
96.55,連江縣,14-Dec
71.23,臺北市,15-Jan
76.63,新北市,15-Jan
93.32,臺中市,15-Jan
126.28,臺南市,15-Jan
129.3,高雄市,15-Jan
74.39,基隆市,15-Jan
86.7,新竹市,15-Jan
125.63,嘉義市,15-Jan
71.93,宜蘭縣,15-Jan
80.55,桃園市,15-Jan
76.85,新竹縣,15-Jan
84.24,苗栗縣,15-Jan
106.16,彰化縣,15-Jan
123.9,南投縣,15-Jan
121.74,雲林縣,15-Jan
113.96,嘉義縣,15-Jan
102.03,屏東縣,15-Jan
53.46,臺東縣,15-Jan
52.23,花蓮縣,15-Jan
79.32,澎湖縣,15-Jan
148.96,金門縣,15-Jan
117.85,連江縣,15-Jan
66.74,臺北市,15-Feb
73.94,新北市,15-Feb
89.33,臺中市,15-Feb
112.67,臺南市,15-Feb
122.82,高雄市,15-Feb
69.47,基隆市,15-Feb
89.17,新竹市,15-Feb
130.81,嘉義市,15-Feb
65.77,宜蘭縣,15-Feb
75.62,桃園市,15-Feb
76.85,新竹縣,15-Feb
82.6,苗栗縣,15-Feb
101.33,彰化縣,15-Feb
130.81,南投縣,15-Feb
115.91,雲林縣,15-Feb
107.48,嘉義縣,15-Feb
101.98,屏東縣,15-Feb
47.08,臺東縣,15-Feb
38.96,花蓮縣,15-Feb
74.39,澎湖縣,15-Feb
112.67,金門縣,15-Feb
91.63,連江縣,15-Feb
60.83,臺北市,15-Mar
67.58,新北市,15-Mar
82.27,臺中市,15-Mar
93.13,臺南市,15-Mar
101.96,高雄市,15-Mar
59.62,基隆市,15-Mar
81.78,新竹市,15-Mar
104.89,嘉義市,15-Mar
58.39,宜蘭縣,15-Mar
67.42,桃園市,15-Mar
65.77,新竹縣,15-Mar
74.39,苗栗縣,15-Mar
89.17,彰化縣,15-Mar
127.36,南投縣,15-Mar
104.23,雲林縣,15-Mar
89.17,嘉義縣,15-Mar
82.17,屏東縣,15-Mar
29.68,臺東縣,15-Mar
27.87,花蓮縣,15-Mar
59.62,澎湖縣,15-Mar
91.63,金門縣,15-Mar
71.93,連江縣,15-Mar
63.2,臺北市,15-Apr
67.9,新北市,15-Apr
67.01,臺中市,15-Apr
67.01,臺南市,15-Apr
66.93,高雄市,15-Apr
62.08,基隆市,15-Apr
71.93,新竹市,15-Apr
74.39,嘉義市,15-Apr
54.69,宜蘭縣,15-Apr
67.42,桃園市,15-Apr
59.62,新竹縣,15-Apr
66.18,苗栗縣,15-Apr
69.47,彰化縣,15-Apr
82.6,南投縣,15-Apr
77.47,雲林縣,15-Apr
65.77,嘉義縣,15-Apr
58.75,屏東縣,15-Apr
29.43,臺東縣,15-Apr
28.89,花蓮縣,15-Apr
57.16,澎湖縣,15-Apr
79.32,金門縣,15-Apr
79.32,連江縣,15-Apr
56.99,臺北市,15-May
60.85,新北市,15-May
57.93,臺中市,15-May
48.84,臺南市,15-May
41.99,高雄市,15-May
57.16,基隆市,15-May
59.62,新竹市,15-May
57.16,嘉義市,15-May
42.21,宜蘭縣,15-May
60.85,桃園市,15-May
47.22,新竹縣,15-May
54.69,苗栗縣,15-May
62.08,彰化縣,15-May
57.16,南投縣,15-May
60.85,雲林縣,15-May
54.69,嘉義縣,15-May
40.61,屏東縣,15-May
27.6,臺東縣,15-May
29.22,花蓮縣,15-May
45.45,澎湖縣,15-May
74.39,金門縣,15-May
71.93,連江縣,15-May
50.03,臺北市,15-Jun
50.67,新北市,15-Jun
42.16,臺中市,15-Jun
27.57,臺南市,15-Jun
31.9,高雄市,15-Jun
57.16,基隆市,15-Jun
42.21,新竹市,15-Jun
35.71,嘉義市,15-Jun
42.21,宜蘭縣,15-Jun
47.67,桃園市,15-Jun
30.56,新竹縣,15-Jun
35.54,苗栗縣,15-Jun
45.03,彰化縣,15-Jun
42.86,南投縣,15-Jun
41.22,雲林縣,15-Jun
37.3,嘉義縣,15-Jun
28.03,屏東縣,15-Jun
27.6,臺東縣,15-Jun
35.71,花蓮縣,15-Jun
29.22,澎湖縣,15-Jun
45.45,金門縣,15-Jun
45.45,連江縣,15-Jun
48.75,臺北市,15-Jul
48.44,新北市,15-Jul
54.66,臺中市,15-Jul
40.58,臺南市,15-Jul
40.13,高雄市,15-Jul
54.69,基隆市,15-Jul
57.16,新竹市,15-Jul
48.7,嘉義市,15-Jul
45.2,宜蘭縣,15-Jul
56.34,桃園市,15-Jul
38.96,新竹縣,15-Jul
49.27,苗栗縣,15-Jul
54.69,彰化縣,15-Jul
48.83,南投縣,15-Jul
52.94,雲林縣,15-Jul
41.01,嘉義縣,15-Jul
35.67,屏東縣,15-Jul
29.22,臺東縣,15-Jul
42.21,花蓮縣,15-Jul
42.21,澎湖縣,15-Jul
52.23,金門縣,15-Jul
54.69,連江縣,15-Jul
38.28,臺北市,15-Aug
38.31,新北市,15-Aug
50.01,臺中市,15-Aug
38.96,臺南市,15-Aug
34.1,高雄市,15-Aug
35.71,基隆市,15-Aug
45.45,新竹市,15-Aug
48.7,嘉義市,15-Aug
34.07,宜蘭縣,15-Aug
46.04,桃園市,15-Aug
28.26,新竹縣,15-Aug
42.21,苗栗縣,15-Aug
49.71,彰化縣,15-Aug
41.13,南投縣,15-Aug
38.88,雲林縣,15-Aug
42.63,嘉義縣,15-Aug
37.09,屏東縣,15-Aug
24.35,臺東縣,15-Aug
35.71,花蓮縣,15-Aug
35.71,澎湖縣,15-Aug
45.45,金門縣,15-Aug
52.23,連江縣,15-Aug
48.66,臺北市,15-Sep
48.13,新北市,15-Sep
68.97,臺中市,15-Sep
67.01,臺南市,15-Sep
56.95,高雄市,15-Sep
48.7,基隆市,15-Sep
69.47,新竹市,15-Sep
59.62,嘉義市,15-Sep
44.29,宜蘭縣,15-Sep
56.75,桃園市,15-Sep
44.26,新竹縣,15-Sep
65.36,苗栗縣,15-Sep
67.83,彰化縣,15-Sep
80.14,南投縣,15-Sep
73.16,雲林縣,15-Sep
67.01,嘉義縣,15-Sep
53.12,屏東縣,15-Sep
29.22,臺東縣,15-Sep
45.45,花蓮縣,15-Sep
57.16,澎湖縣,15-Sep
67.01,金門縣,15-Sep
64.54,連江縣,15-Sep
51.47,臺北市,15-Oct
55.81,新北市,15-Oct
86.4,臺中市,15-Oct
85.47,臺南市,15-Oct
81.57,高雄市,15-Oct
54.69,基隆市,15-Oct
71.93,新竹市,15-Oct
84.24,嘉義市,15-Oct
44.94,宜蘭縣,15-Oct
61.67,桃園市,15-Oct
56.62,新竹縣,15-Oct
75.21,苗栗縣,15-Oct
82.6,彰化縣,15-Oct
99.6,南投縣,15-Oct
90.63,雲林縣,15-Oct
79.32,嘉義縣,15-Oct
66.69,屏東縣,15-Oct
34.09,臺東縣,15-Oct
48.7,花蓮縣,15-Oct
69.47,澎湖縣,15-Oct
84.24,金門縣,15-Oct
79.32,連江縣,15-Oct
47.33,臺北市,15-Nov
53.19,新北市,15-Nov
88.94,臺中市,15-Nov
94.3,臺南市,15-Nov
94.69,高雄市,15-Nov
48.7,基隆市,15-Nov
74.39,新竹市,15-Nov
99.02,嘉義市,15-Nov
32.21,宜蘭縣,15-Nov
62.9,桃園市,15-Nov
52.93,新竹縣,15-Nov
73.57,苗栗縣,15-Nov
91.63,彰化縣,15-Nov
97.04,南投縣,15-Nov
102.15,雲林縣,15-Nov
90.4,嘉義縣,15-Nov
78.12,屏東縣,15-Nov
22.08,臺東縣,15-Nov
32.47,花蓮縣,15-Nov
62.08,澎湖縣,15-Nov
79.32,金門縣,15-Nov
64.54,連江縣,15-Nov
53.34,臺北市,15-Dec
60.35,新北市,15-Dec
70.45,臺中市,15-Dec
96.82,臺南市,15-Dec
109.71,高雄市,15-Dec
59.62,基隆市,15-Dec
64.54,新竹市,15-Dec
91.63,嘉義市,15-Dec
40.58,宜蘭縣,15-Dec
62.9,桃園市,15-Dec
62.08,新竹縣,15-Dec
64.54,苗栗縣,15-Dec
79.32,彰化縣,15-Dec
99.59,南投縣,15-Dec
86.09,雲林縣,15-Dec
85.47,嘉義縣,15-Dec
89.46,屏東縣,15-Dec
28.18,臺東縣,15-Dec
45.45,花蓮縣,15-Dec
69.47,澎湖縣,15-Dec
84.24,金門縣,15-Dec
81.78,連江縣,15-Dec
56.82,臺北市,16-Jan
64.1,新北市,16-Jan
65.04,臺中市,16-Jan
94.91,臺南市,16-Jan
104.94,高雄市,16-Jan
57.16,基隆市,16-Jan
62.08,新竹市,16-Jan
96.55,嘉義市,16-Jan
34.53,宜蘭縣,16-Jan
67.01,桃園市,16-Jan
68.24,新竹縣,16-Jan
59.0,苗栗縣,16-Jan
74.39,彰化縣,16-Jan
72.75,南投縣,16-Jan
84.86,雲林縣,16-Jan
83.01,嘉義縣,16-Jan
77.36,屏東縣,16-Jan
27.67,臺東縣,16-Jan
38.96,花蓮縣,16-Jan
71.93,澎湖縣,16-Jan
94.09,金門縣,16-Jan
89.17,連江縣,16-Jan
58.61,臺北市,16-Feb
60.96,新北市,16-Feb
74.39,臺中市,16-Feb
103.45,臺南市,16-Feb
110.21,高雄市,16-Feb
57.16,基隆市,16-Feb
59.62,新竹市,16-Feb
104.89,嘉義市,16-Feb
40.58,宜蘭縣,16-Feb
68.65,桃園市,16-Feb
71.93,新竹縣,16-Feb
62.9,苗栗縣,16-Feb
84.24,彰化縣,16-Feb
91.63,南投縣,16-Feb
91.83,雲林縣,16-Feb
95.32,嘉義縣,16-Feb
95.08,屏東縣,16-Feb
40.58,臺東縣,16-Feb
52.23,花蓮縣,16-Feb
67.01,澎湖縣,16-Feb
96.55,金門縣,16-Feb
89.17,連江縣,16-Feb
67.1,臺北市,16-Mar
71.48,新北市,16-Mar
87.69,臺中市,16-Mar
114.61,臺南市,16-Mar
107.17,高雄市,16-Mar
62.08,基隆市,16-Mar
74.39,新竹市,16-Mar
115.26,嘉義市,16-Mar
45.2,宜蘭縣,16-Mar
82.19,桃園市,16-Mar
84.24,新竹縣,16-Mar
78.5,苗栗縣,16-Mar
99.33,彰化縣,16-Mar
93.63,南投縣,16-Mar
109.43,雲林縣,16-Mar
112.67,嘉義縣,16-Mar
86.96,屏東縣,16-Mar
40.58,臺東縣,16-Mar
54.69,花蓮縣,16-Mar
69.47,澎湖縣,16-Mar
115.26,金門縣,16-Mar
96.55,連江縣,16-Mar
81.43,臺北市,16-Apr
83.12,新北市,16-Apr
91.63,臺中市,16-Apr
90.4,臺南市,16-Apr
70.13,高雄市,16-Apr
69.47,基隆市,16-Apr
81.78,新竹市,16-Apr
91.63,嘉義市,16-Apr
63.31,宜蘭縣,16-Apr
89.99,桃園市,16-Apr
91.63,新竹縣,16-Apr
87.02,苗栗縣,16-Apr
96.05,彰化縣,16-Apr
88.35,南投縣,16-Apr
97.41,雲林縣,16-Apr
95.32,嘉義縣,16-Apr
62.48,屏東縣,16-Apr
43.83,臺東縣,16-Apr
59.62,花蓮縣,16-Apr
62.08,澎湖縣,16-Apr
84.24,金門縣,16-Apr
74.39,連江縣,16-Apr
57.13,臺北市,16-May
59.62,新北市,16-May
63.56,臺中市,16-May
62.7,臺南市,16-May
53.53,高雄市,16-May
48.7,基隆市,16-May
57.16,新竹市,16-May
62.08,嘉義市,16-May
42.21,宜蘭縣,16-May
67.01,桃園市,16-May
68.24,新竹縣,16-May
63.72,苗栗縣,16-May
66.18,彰化縣,16-May
60.44,南投縣,16-May
68.24,雲林縣,16-May
65.77,嘉義縣,16-May
51.7,屏東縣,16-May
27.6,臺東縣,16-May
38.96,花蓮縣,16-May
45.45,澎湖縣,16-May
64.54,金門縣,16-May
74.39,連江縣,16-May
40.82,臺北市,16-Jun
41.64,新北市,16-Jun
36.36,臺中市,16-Jun
31.66,臺南市,16-Jun
29.15,高雄市,16-Jun
38.96,基隆市,16-Jun
25.97,新竹市,16-Jun
29.22,嘉義市,16-Jun
28.04,宜蘭縣,16-Jun
42.12,桃園市,16-Jun
38.96,新竹縣,16-Jun
35.97,苗栗縣,16-Jun
42.21,彰化縣,16-Jun
34.63,南投縣,16-Jun
38.94,雲林縣,16-Jun
42.21,嘉義縣,16-Jun
31.4,屏東縣,16-Jun
19.48,臺東縣,16-Jun
35.71,花蓮縣,16-Jun
22.73,澎湖縣,16-Jun
26.85,金門縣,16-Jun
45.45,連江縣,16-Jun
48.36,臺北市,16-Jul
44.5,新北市,16-Jul
47.79,臺中市,16-Jul
38.96,臺南市,16-Jul
38.44,高雄市,16-Jul
42.21,基隆市,16-Jul
32.47,新竹市,16-Jul
38.96,嘉義市,16-Jul
31.28,宜蘭縣,16-Jul
50.47,桃園市,16-Jul
48.7,新竹縣,16-Jul
39.88,苗栗縣,16-Jul
51.05,彰化縣,16-Jul
46.63,南投縣,16-Jul
48.18,雲林縣,16-Jul
43.83,嘉義縣,16-Jul
39.97,屏東縣,16-Jul
25.97,臺東縣,16-Jul
35.71,花蓮縣,16-Jul
29.22,澎湖縣,16-Jul
32.41,金門縣,16-Jul
42.21,連江縣,16-Jul
43.36,臺北市,16-Aug
42.86,新北市,16-Aug
64.54,臺中市,16-Aug
57.16,臺南市,16-Aug
46.96,高雄市,16-Aug
38.96,基隆市,16-Aug
38.96,新竹市,16-Aug
64.54,嘉義市,16-Aug
31.75,宜蘭縣,16-Aug
52.26,桃園市,16-Aug
54.69,新竹縣,16-Aug
45.45,苗栗縣,16-Aug
58.44,彰化縣,16-Aug
65.36,南投縣,16-Aug
64.54,雲林縣,16-Aug
63.31,嘉義縣,16-Aug
47.39,屏東縣,16-Aug
27.6,臺東縣,16-Aug
42.21,花蓮縣,16-Aug
45.45,澎湖縣,16-Aug
57.16,金門縣,16-Aug
48.7,連江縣,16-Aug
41.6,臺北市,16-Sep
44.44,新北市,16-Sep
51.31,臺中市,16-Sep
55.31,臺南市,16-Sep
53.5,高雄市,16-Sep
35.71,基隆市,16-Sep
32.47,新竹市,16-Sep
54.69,嘉義市,16-Sep
27.31,宜蘭縣,16-Sep
46.99,桃園市,16-Sep
50.07,新竹縣,16-Sep
33.87,苗栗縣,16-Sep
49.19,彰化縣,16-Sep
57.98,南投縣,16-Sep
57.16,雲林縣,16-Sep
54.69,嘉義縣,16-Sep
50.13,屏東縣,16-Sep
26.18,臺東縣,16-Sep
35.71,花蓮縣,16-Sep
42.21,澎湖縣,16-Sep
45.45,金門縣,16-Sep
54.69,連江縣,16-Sep
38.53,臺北市,16-Oct
39.63,新北市,16-Oct
85.72,臺中市,16-Oct
81.78,臺南市,16-Oct
76.44,高雄市,16-Oct
29.22,基隆市,16-Oct
45.45,新竹市,16-Oct
86.7,嘉義市,16-Oct
24.26,宜蘭縣,16-Oct
46.45,桃園市,16-Oct
60.85,新竹縣,16-Oct
62.08,苗栗縣,16-Oct
82.6,彰化縣,16-Oct
83.42,南投縣,16-Oct
84.24,雲林縣,16-Oct
78.09,嘉義縣,16-Oct
66.12,屏東縣,16-Oct
20.15,臺東縣,16-Oct
25.97,花蓮縣,16-Oct
48.7,澎湖縣,16-Oct
48.7,金門縣,16-Oct
48.7,連江縣,16-Oct
45.62,臺北市,16-Nov
48.2,新北市,16-Nov
75.87,臺中市,16-Nov
95.32,臺南市,16-Nov
104.14,高雄市,16-Nov
35.71,基隆市,16-Nov
54.69,新竹市,16-Nov
96.55,嘉義市,16-Nov
31.48,宜蘭縣,16-Nov
53.52,桃園市,16-Nov
63.31,新竹縣,16-Nov
58.44,苗栗縣,16-Nov
80.14,彰化縣,16-Nov
81.78,南投縣,16-Nov
93.68,雲林縣,16-Nov
90.4,嘉義縣,16-Nov
88.81,屏東縣,16-Nov
29.43,臺東縣,16-Nov
35.71,花蓮縣,16-Nov
57.16,澎湖縣,16-Nov
74.39,金門縣,16-Nov
62.08,連江縣,16-Nov
49.87,臺北市,16-Dec
51.5,新北市,16-Dec
77.84,臺中市,16-Dec
104.72,臺南市,16-Dec
117.17,高雄市,16-Dec
45.45,基隆市,16-Dec
57.16,新竹市,16-Dec
115.26,嘉義市,16-Dec
36.61,宜蘭縣,16-Dec
60.03,桃園市,16-Dec
67.01,新竹縣,16-Dec
64.54,苗栗縣,16-Dec
80.14,彰化縣,16-Dec
94.36,南投縣,16-Dec
96.14,雲林縣,16-Dec
90.4,嘉義縣,16-Dec
97.64,屏東縣,16-Dec
32.47,臺東縣,16-Dec
45.45,花蓮縣,16-Dec
64.54,澎湖縣,16-Dec
94.09,金門縣,16-Dec
81.78,連江縣,16-Dec
52.82,臺北市,17-Jan
56.74,新北市,17-Jan
71.44,臺中市,17-Jan
100.72,臺南市,17-Jan
117.06,高雄市,17-Jan
52.23,基隆市,17-Jan
67.01,新竹市,17-Jan
112.67,嘉義市,17-Jan
40.58,宜蘭縣,17-Jan
59.62,桃園市,17-Jan
60.85,新竹縣,17-Jan
65.36,苗栗縣,17-Jan
76.03,彰化縣,17-Jan
101.15,南投縣,17-Jan
96.17,雲林縣,17-Jan
85.47,嘉義縣,17-Jan
97.95,屏東縣,17-Jan
26.79,臺東縣,17-Jan
38.96,花蓮縣,17-Jan
62.08,澎湖縣,17-Jan
104.89,金門縣,17-Jan
74.39,連江縣,17-Jan
59.17,臺北市,17-Feb
62.08,新北市,17-Feb
74.88,臺中市,17-Feb
104.75,臺南市,17-Feb
111.14,高雄市,17-Feb
57.16,基隆市,17-Feb
71.93,新竹市,17-Feb
112.67,嘉義市,17-Feb
48.84,宜蘭縣,17-Feb
65.36,桃園市,17-Feb
70.7,新竹縣,17-Feb
66.18,苗栗縣,17-Feb
80.14,彰化縣,17-Feb
102.01,南投縣,17-Feb
100.79,雲林縣,17-Feb
91.63,嘉義縣,17-Feb
92.61,屏東縣,17-Feb
37.34,臺東縣,17-Feb
45.45,花蓮縣,17-Feb
64.54,澎湖縣,17-Feb
99.02,金門縣,17-Feb
81.78,連江縣,17-Feb
63.82,臺北市,17-Mar
67.68,新北市,17-Mar
81.78,臺中市,17-Mar
106.83,臺南市,17-Mar
108.97,高雄市,17-Mar
59.62,基隆市,17-Mar
69.47,新竹市,17-Mar
112.67,嘉義市,17-Mar
50.07,宜蘭縣,17-Mar
68.24,桃園市,17-Mar
74.39,新竹縣,17-Mar
71.11,苗栗縣,17-Mar
89.17,彰化縣,17-Mar
115.26,南投縣,17-Mar
110.07,雲林縣,17-Mar
98.26,嘉義縣,17-Mar
84.89,屏東縣,17-Mar
37.34,臺東縣,17-Mar
48.7,花蓮縣,17-Mar
62.08,澎湖縣,17-Mar
107.48,金門縣,17-Mar
71.93,連江縣,17-Mar
65.8,臺北市,17-Apr
73.05,新北市,17-Apr
76.36,臺中市,17-Apr
79.32,臺南市,17-Apr
74.39,高雄市,17-Apr
64.54,基隆市,17-Apr
62.08,新竹市,17-Apr
86.7,嘉義市,17-Apr
53.46,宜蘭縣,17-Apr
72.34,桃園市,17-Apr
74.39,新竹縣,17-Apr
68.65,苗栗縣,17-Apr
83.42,彰化縣,17-Apr
83.42,南投縣,17-Apr
94.09,雲林縣,17-Apr
79.32,嘉義縣,17-Apr
63.31,屏東縣,17-Apr
38.96,臺東縣,17-Apr
54.69,花蓮縣,17-Apr
54.69,澎湖縣,17-Apr
96.55,金門縣,17-Apr
74.39,連江縣,17-Apr
51.07,臺北市,17-May
54.95,新北市,17-May
62.08,臺中市,17-May
68.24,臺南市,17-May
65.36,高雄市,17-May
48.7,基隆市,17-May
45.45,新竹市,17-May
74.39,嘉義市,17-May
30.84,宜蘭縣,17-May
55.51,桃園市,17-May
62.08,新竹縣,17-May
56.8,苗栗縣,17-May
68.65,彰化縣,17-May
67.83,南投縣,17-May
77.47,雲林縣,17-May
67.01,嘉義縣,17-May
55.07,屏東縣,17-May
25.97,臺東縣,17-May
38.96,花蓮縣,17-May
48.7,澎湖縣,17-May
84.24,金門縣,17-May
54.69,連江縣,17-May
39.94,臺北市,17-Jun
44.59,新北市,17-Jun
35.71,臺中市,17-Jun
29.22,臺南市,17-Jun
31.28,高雄市,17-Jun
45.45,基隆市,17-Jun
25.97,新竹市,17-Jun
32.47,嘉義市,17-Jun
27.6,宜蘭縣,17-Jun
40.04,桃園市,17-Jun
48.84,新竹縣,17-Jun
32.47,苗栗縣,17-Jun
40.04,彰化縣,17-Jun
33.55,南投縣,17-Jun
42.21,雲林縣,17-Jun
34.99,嘉義縣,17-Jun
29.22,屏東縣,17-Jun
26.18,臺東縣,17-Jun
29.22,花蓮縣,17-Jun
22.73,澎湖縣,17-Jun
52.23,金門縣,17-Jun
38.7,連江縣,17-Jun
40.87,臺北市,17-Jul
42.5,新北市,17-Jul
45.45,臺中市,17-Jul
43.02,臺南市,17-Jul
42.73,高雄市,17-Jul
35.71,基隆市,17-Jul
29.22,新竹市,17-Jul
45.45,嘉義市,17-Jul
28.27,宜蘭縣,17-Jul
44.96,桃園市,17-Jul
43.83,新竹縣,17-Jul
37.88,苗栗縣,17-Jul
47.06,彰化縣,17-Jul
47.71,南投縣,17-Jul
55.66,雲林縣,17-Jul
45.45,嘉義縣,17-Jul
37.88,屏東縣,17-Jul
18.54,臺東縣,17-Jul
22.73,花蓮縣,17-Jul
29.22,澎湖縣,17-Jul
35.71,金門縣,17-Jul
27.78,連江縣,17-Jul
48.45,臺北市,17-Aug
48.08,新北市,17-Aug
51.65,臺中市,17-Aug
41.4,臺南市,17-Aug
46.21,高雄市,17-Aug
45.45,基隆市,17-Aug
32.47,新竹市,17-Aug
45.45,嘉義市,17-Aug
47.22,宜蘭縣,17-Aug
47.71,桃園市,17-Aug
48.7,新竹縣,17-Aug
47.71,苗栗縣,17-Aug
53.52,彰化縣,17-Aug
54.69,南投縣,17-Aug
54.08,雲林縣,17-Aug
42.21,嘉義縣,17-Aug
40.49,屏東縣,17-Aug
27.6,臺東縣,17-Aug
38.96,花蓮縣,17-Aug
32.47,澎湖縣,17-Aug
48.7,金門縣,17-Aug
45.45,連江縣,17-Aug
54.67,臺北市,17-Sep
56.3,新北市,17-Sep
65.53,臺中市,17-Sep
64.54,臺南市,17-Sep
65.36,高雄市,17-Sep
52.23,基隆市,17-Sep
54.69,新竹市,17-Sep
71.93,嘉義市,17-Sep
43.83,宜蘭縣,17-Sep
57.19,桃園市,17-Sep
60.85,新竹縣,17-Sep
66.18,苗栗縣,17-Sep
71.93,彰化縣,17-Sep
73.57,南投縣,17-Sep
75.01,雲林縣,17-Sep
64.54,嘉義縣,17-Sep
51.16,屏東縣,17-Sep
25.97,臺東縣,17-Sep
32.47,花蓮縣,17-Sep
45.45,澎湖縣,17-Sep
64.54,金門縣,17-Sep
62.08,連江縣,17-Sep
44.8,臺北市,17-Oct
45.96,新北市,17-Oct
61.1,臺中市,17-Oct
72.55,臺南市,17-Oct
81.16,高雄市,17-Oct
45.45,基隆市,17-Oct
52.23,新竹市,17-Oct
76.85,嘉義市,17-Oct
40.58,宜蘭縣,17-Oct
50.03,桃園市,17-Oct
52.23,新竹縣,17-Oct
61.26,苗栗縣,17-Oct
67.83,彰化縣,17-Oct
74.39,南投縣,17-Oct
75.62,雲林縣,17-Oct
69.33,嘉義縣,17-Oct
63.4,屏東縣,17-Oct
33.83,臺東縣,17-Oct
35.71,花蓮縣,17-Oct
54.69,澎湖縣,17-Oct
69.47,金門縣,17-Oct
62.08,連江縣,17-Oct
37.11,臺北市,17-Nov
43.07,新北市,17-Nov
52.63,臺中市,17-Nov
83.01,臺南市,17-Nov
108.74,高雄市,17-Nov
32.47,基隆市,17-Nov
48.7,新竹市,17-Nov
86.7,嘉義市,17-Nov
26.44,宜蘭縣,17-Nov
45.65,桃園市,17-Nov
48.45,新竹縣,17-Nov
56.54,苗栗縣,17-Nov
64.54,彰化縣,17-Nov
84.56,南投縣,17-Nov
74.39,雲林縣,17-Nov
76.01,嘉義縣,17-Nov
86.41,屏東縣,17-Nov
27.57,臺東縣,17-Nov
23.98,花蓮縣,17-Nov
48.7,澎湖縣,17-Nov
86.7,金門縣,17-Nov
71.93,連江縣,17-Nov
47.91,臺北市,17-Dec
54.77,新北市,17-Dec
65.53,臺中市,17-Dec
89.78,臺南市,17-Dec
111.5,高雄市,17-Dec
45.45,基隆市,17-Dec
57.16,新竹市,17-Dec
96.55,嘉義市,17-Dec
42.35,宜蘭縣,17-Dec
57.39,桃園市,17-Dec
60.85,新竹縣,17-Dec
67.01,苗栗縣,17-Dec
78.5,彰化縣,17-Dec
95.36,南投縣,17-Dec
87.32,雲林縣,17-Dec
84.24,嘉義縣,17-Dec
87.67,屏東縣,17-Dec
35.71,臺東縣,17-Dec
42.21,花蓮縣,17-Dec
62.08,澎湖縣,17-Dec
107.48,金門縣,17-Dec
94.09,連江縣,17-Dec
